filename	language	ner_annotations
CARMEN-I_IR_1	es	False
CARMEN-I_IA_SEGUIMIENTO_1	es	True
CARMEN-I_IA_ANTECEDENTES_1	es	False
CARMEN-I_IR_2	bi	False
CARMEN-I_IR_3	bi	False
CARMEN-I_IR_4	bi	False
CARMEN-I_IR_5	es	False
CARMEN-I_IT_ANTECEDENTES_1	bi	False
CARMEN-I_IR_6	es	False
CARMEN-I_IA_PROCESO_ACTUAL_1	es	False
CARMEN-I_IA_RADIOGRAFIA_1	es	True
CARMEN-I_IA_ANTECEDENTES_2	es	True
CARMEN-I_IR_7	es	False
CARMEN-I_IA_ANTECEDENTES_3	bi	True
CARMEN-I_IA_EVOL_1	es	False
CARMEN-I_IR_8	es	False
CARMEN-I_IA_RADIOGRAFIA_2	es	True
CARMEN-I_IA_EVOL_2	es	True
CARMEN-I_IA_RADIOGRAFIA_3	es	True
CARMEN-I_IR_9	es	False
CARMEN-I_IA_PROCESO_ACTUAL_2	es	False
CARMEN-I_IR_10	es	False
CARMEN-I_IR_11	bi	False
CARMEN-I_IR_12	es	False
CARMEN-I_IR_13	bi	False
CARMEN-I_IR_14	es	False
CARMEN-I_IR_15	es	False
CARMEN-I_IR_16	es	False
CARMEN-I_IR_17	es	False
CARMEN-I_IA_EVOL_3	es	True
CARMEN-I_IR_18	es	False
CARMEN-I_IT_EXPLORACION_CLINICA_1	es	False
CARMEN-I_IR_19	bi	False
CARMEN-I_IA_PROCESO_ACTUAL_3	es	False
CARMEN-I_IR_20	bi	False
CARMEN-I_IR_21	es	False
CARMEN-I_IA_PROCESO_ACTUAL_4	es	True
CARMEN-I_IR_22	bi	False
CARMEN-I_IR_23	es	False
CARMEN-I_IR_24	es	False
CARMEN-I_IR_25	es	False
CARMEN-I_IR_26	bi	False
CARMEN-I_IR_27	bi	False
CARMEN-I_IT_PROCESO_ACTUAL_1	es	False
CARMEN-I_IR_28	es	False
CARMEN-I_IR_29	es	False
CARMEN-I_IR_30	es	False
CARMEN-I_IR_31	bi	False
CARMEN-I_IR_32	es	False
CARMEN-I_IA_RADIOGRAFIA_4	es	True
CARMEN-I_IR_33	es	False
CARMEN-I_IA_ANTECEDENTES_4	es	True
CARMEN-I_IR_34	bi	False
CARMEN-I_IR_35	es	False
CARMEN-I_IR_36	es	False
CARMEN-I_IA_RADIOGRAFIA_5	es	True
CARMEN-I_IT_PROCESO_ACTUAL_2	es	False
CARMEN-I_IR_37	es	False
CARMEN-I_IR_38	es	False
CARMEN-I_IR_39	es	False
CARMEN-I_IA_EXPLORACION_COMPLEMENTARIA_1	bi	True
CARMEN-I_IR_40	es	False
CARMEN-I_IR_41	bi	False
CARMEN-I_IR_42	es	False
CARMEN-I_IA_EXPLORACION_CLINICA_1	es	False
CARMEN-I_IR_43	bi	False
CARMEN-I_IA_INTERVENCION_QUIRURGICA_1	es	True
CARMEN-I_IR_44	es	False
CARMEN-I_IR_45	es	False
CARMEN-I_IR_46	es	False
CARMEN-I_IA_EVOL_4	es	True
CARMEN-I_IR_47	es	False
CARMEN-I_IR_48	bi	False
CARMEN-I_IR_49	es	False
CARMEN-I_IR_50	es	False
CARMEN-I_IR_51	es	False
CARMEN-I_IA_SEGUIMIENTO_2	es	False
CARMEN-I_IR_52	es	False
CARMEN-I_IT_EXPLORACION_CLINICA_2	es	False
CARMEN-I_IA_EVOL_5	es	True
CARMEN-I_IA_PROCESO_ACTUAL_5	es	True
CARMEN-I_IA_EVOL_6	es	True
CARMEN-I_IR_53	es	False
CARMEN-I_IR_54	es	False
CARMEN-I_IA_EVOL_7	es	True
CARMEN-I_IT_EVOL_1	es	True
CARMEN-I_IA_EXPLORACION_CLINICA_2	es	True
CARMEN-I_IR_55	es	False
CARMEN-I_IR_56	es	False
CARMEN-I_IR_57	es	False
CARMEN-I_IT_EXPLORACION_CLINICA_3	cat	False
CARMEN-I_IA_PROCESO_ACTUAL_6	es	True
CARMEN-I_IA_EVOL_8	es	True
CARMEN-I_IA_ANTECEDENTES_5	es	True
CARMEN-I_IR_58	es	False
CARMEN-I_IA_SEGUIMIENTO_3	es	True
CARMEN-I_IA_ANTECEDENTES_6	es	False
CARMEN-I_IE_1	es	True
CARMEN-I_IR_59	bi	False
CARMEN-I_IA_EVOL_9	es	True
CARMEN-I_IR_60	es	False
CARMEN-I_IR_61	es	False
CARMEN-I_IA_ANTECEDENTES_7	es	True
CARMEN-I_IR_62	es	False
CARMEN-I_IR_63	es	False
CARMEN-I_IA_EVOL_10	es	True
CARMEN-I_IR_64	bi	False
CARMEN-I_IR_65	es	False
CARMEN-I_IR_66	es	False
CARMEN-I_IR_67	es	False
CARMEN-I_IA_PROCESO_ACTUAL_7	es	False
CARMEN-I_IR_68	es	False
CARMEN-I_IR_69	es	False
CARMEN-I_IR_70	es	False
CARMEN-I_IR_71	es	False
CARMEN-I_IR_72	es	False
CARMEN-I_IA_EVOL_11	es	False
CARMEN-I_IR_73	es	False
CARMEN-I_IR_74	es	False
CARMEN-I_IR_75	es	False
CARMEN-I_IA_EXPLORACION_COMPLEMENTARIA_2	bi	True
CARMEN-I_IR_76	es	False
CARMEN-I_IR_77	es	False
CARMEN-I_IR_78	es	False
CARMEN-I_IA_EVOL_12	es	False
CARMEN-I_IA_PROCESO_ACTUAL_8	es	False
CARMEN-I_IR_79	es	False
CARMEN-I_IR_80	es	False
CARMEN-I_IR_81	es	False
CARMEN-I_IA_RADIOGRAFIA_6	es	True
CARMEN-I_IR_82	es	False
CARMEN-I_IA_EVOL_13	es	True
CARMEN-I_IR_83	es	False
CARMEN-I_IR_84	es	False
CARMEN-I_IA_ANTECEDENTES_8	es	True
CARMEN-I_IR_85	es	False
CARMEN-I_IR_86	es	False
CARMEN-I_IR_87	es	False
CARMEN-I_IR_88	es	False
CARMEN-I_IR_89	es	False
CARMEN-I_IR_90	cat	False
CARMEN-I_IR_91	es	False
CARMEN-I_IR_92	bi	False
CARMEN-I_IR_93	bi	False
CARMEN-I_IA_SEGUIMIENTO_4	es	True
CARMEN-I_IR_94	es	False
CARMEN-I_IA_PROCESO_ACTUAL_9	es	False
CARMEN-I_IR_95	es	False
CARMEN-I_IR_96	bi	False
CARMEN-I_IA_ANTECEDENTES_9	es	True
CARMEN-I_IA_INTERVENCION_QUIRURGICA_2	es	True
CARMEN-I_IR_97	es	False
CARMEN-I_IA_PROCESO_ACTUAL_10	es	False
CARMEN-I_IR_98	es	False
CARMEN-I_IR_99	bi	False
CARMEN-I_IR_100	es	False
CARMEN-I_IA_EVOL_14	es	True
CARMEN-I_IR_101	es	False
CARMEN-I_IT_EXPLORACION_CLINICA_4	es	False
CARMEN-I_IR_102	es	False
CARMEN-I_IR_103	es	False
CARMEN-I_IR_104	es	False
CARMEN-I_IR_105	es	False
CARMEN-I_IA_PLAN_TERAPEUTICO_1	es	False
CARMEN-I_IA_EXPLORACION_COMPLEMENTARIA_3	es	True
CARMEN-I_IA_ANTECEDENTES_10	es	True
CARMEN-I_IR_106	es	False
CARMEN-I_IR_107	es	False
CARMEN-I_IA_RADIOGRAFIA_7	es	True
CARMEN-I_IA_EVOL_15	es	True
CARMEN-I_IR_108	es	False
CARMEN-I_IR_109	es	False
CARMEN-I_IR_110	bi	False
CARMEN-I_IA_PROCESO_ACTUAL_11	es	True
CARMEN-I_IR_111	es	False
CARMEN-I_IT_PROCESO_ACTUAL_3	es	False
CARMEN-I_IR_112	bi	False
CARMEN-I_IA_EXPLORACION_COMPLEMENTARIA_4	bi	True
CARMEN-I_IR_113	es	False
CARMEN-I_IR_114	bi	False
CARMEN-I_IR_115	es	False
CARMEN-I_IA_RADIOGRAFIA_8	bi	True
CARMEN-I_IR_116	es	False
CARMEN-I_IA_EXPLORACION_COMPLEMENTARIA_5	es	True
CARMEN-I_IR_117	es	False
CARMEN-I_IR_118	bi	False
CARMEN-I_IA_EXPLORACION_COMPLEMENTARIA_6	bi	True
CARMEN-I_IR_119	es	False
CARMEN-I_IA_EVOL_16	es	True
CARMEN-I_IA_EVOL_17	es	True
CARMEN-I_IR_120	bi	False
CARMEN-I_IA_PROCESO_ACTUAL_12	es	False
CARMEN-I_IR_121	cat	False
CARMEN-I_IR_122	es	False
CARMEN-I_IA_EVOL_18	es	True
CARMEN-I_IR_123	es	False
CARMEN-I_IR_124	es	False
CARMEN-I_IT_EXPLORACION_CLINICA_5	es	True
CARMEN-I_IR_125	es	False
CARMEN-I_IT_INTERVENCION_QUIRURGICA_1	es	False
CARMEN-I_IR_126	es	False
CARMEN-I_IR_127	bi	False
CARMEN-I_IR_128	es	False
CARMEN-I_IA_RADIOGRAFIA_9	bi	True
CARMEN-I_IA_ANTECEDENTES_11	es	False
CARMEN-I_IR_129	es	False
CARMEN-I_IR_130	bi	False
CARMEN-I_IR_131	es	False
CARMEN-I_IA_ANTECEDENTES_12	es	True
CARMEN-I_IR_132	es	False
CARMEN-I_IA_ANTECEDENTES_13	es	False
CARMEN-I_IA_PROCESO_ACTUAL_13	es	True
CARMEN-I_IR_133	es	False
CARMEN-I_IA_EXPLORACION_CLINICA_3	es	True
CARMEN-I_IR_134	es	False
CARMEN-I_IR_135	es	False
CARMEN-I_IA_ANTECEDENTES_14	es	False
CARMEN-I_IR_136	es	False
CARMEN-I_IR_137	bi	False
CARMEN-I_IA_SEGUIMIENTO_5	es	False
CARMEN-I_IR_138	es	False
CARMEN-I_IA_ANTECEDENTES_15	es	True
CARMEN-I_IR_139	es	False
CARMEN-I_IA_PLAN_TERAPEUTICO_2	es	True
CARMEN-I_IA_PROCESO_ACTUAL_14	es	True
CARMEN-I_IR_140	es	False
CARMEN-I_IA_ANTECEDENTES_16	es	True
CARMEN-I_IA_SEGUIMIENTO_6	es	True
CARMEN-I_IR_141	es	False
CARMEN-I_IR_142	es	False
CARMEN-I_IR_143	es	False
CARMEN-I_IR_144	bi	False
CARMEN-I_IA_PROCESO_ACTUAL_15	es	True
CARMEN-I_IA_ANTECEDENTES_17	es	True
CARMEN-I_IA_EVOL_19	es	False
CARMEN-I_IR_145	es	False
CARMEN-I_IR_146	bi	False
CARMEN-I_IR_147	es	False
CARMEN-I_IA_ANTECEDENTES_18	es	True
CARMEN-I_IR_148	es	False
CARMEN-I_IA_ANTECEDENTES_19	es	False
CARMEN-I_IR_149	es	False
CARMEN-I_IR_150	bi	False
CARMEN-I_IR_151	es	False
CARMEN-I_IR_152	es	False
CARMEN-I_IR_153	es	False
CARMEN-I_IR_154	es	False
CARMEN-I_IA_EVOL_20	es	True
CARMEN-I_IR_155	es	False
CARMEN-I_IR_156	es	False
CARMEN-I_IR_157	bi	False
CARMEN-I_IA_RADIOGRAFIA_10	es	True
CARMEN-I_IR_158	es	False
CARMEN-I_IR_159	es	False
CARMEN-I_IA_SEGUIMIENTO_7	es	False
CARMEN-I_IR_160	es	False
CARMEN-I_IR_161	es	False
CARMEN-I_IR_162	es	False
CARMEN-I_IR_163	es	False
CARMEN-I_IR_164	es	False
CARMEN-I_IA_PROCESO_ACTUAL_16	es	False
CARMEN-I_IR_165	es	False
CARMEN-I_IA_EVOL_21	es	True
CARMEN-I_IA_RADIOGRAFIA_11	es	True
CARMEN-I_IA_RADIOGRAFIA_12	es	True
CARMEN-I_IA_ANTECEDENTES_20	es	True
CARMEN-I_IR_166	es	False
CARMEN-I_IR_167	es	False
CARMEN-I_IR_168	es	False
CARMEN-I_IA_SEGUIMIENTO_8	es	False
CARMEN-I_IR_169	es	False
CARMEN-I_IR_170	es	False
CARMEN-I_IR_171	es	False
CARMEN-I_IR_172	es	False
CARMEN-I_IR_173	es	False
CARMEN-I_IA_PROCESO_ACTUAL_17	es	True
CARMEN-I_IT_PROCESO_ACTUAL_4	es	False
CARMEN-I_IR_174	es	False
CARMEN-I_IR_175	es	False
CARMEN-I_IA_PLAN_TERAPEUTICO_3	es	True
CARMEN-I_IA_ANTECEDENTES_21	es	True
CARMEN-I_IA_SEGUIMIENTO_9	es	False
CARMEN-I_IR_176	es	False
CARMEN-I_IR_177	es	False
CARMEN-I_IR_178	es	False
CARMEN-I_IR_179	bi	False
CARMEN-I_IA_ANTECEDENTES_22	es	True
CARMEN-I_IR_180	es	False
CARMEN-I_IR_181	es	False
CARMEN-I_IR_182	bi	False
CARMEN-I_IR_183	es	False
CARMEN-I_IR_184	es	False
CARMEN-I_IR_185	es	False
CARMEN-I_IT_PROCESO_ACTUAL_5	es	False
CARMEN-I_IR_186	bi	False
CARMEN-I_IA_EXPLORACION_CLINICA_4	es	True
CARMEN-I_IR_187	es	False
CARMEN-I_IR_188	bi	False
CARMEN-I_IR_189	es	False
CARMEN-I_IR_190	es	False
CARMEN-I_IR_191	es	False
CARMEN-I_IR_192	es	False
CARMEN-I_IR_193	cat	False
CARMEN-I_IA_EVOL_22	es	True
CARMEN-I_IA_EVOL_23	bi	True
CARMEN-I_IA_ANTECEDENTES_23	es	False
CARMEN-I_IR_194	es	False
CARMEN-I_IT_PROCESO_ACTUAL_6	es	False
CARMEN-I_IR_195	es	False
CARMEN-I_IR_196	es	False
CARMEN-I_IR_197	es	False
CARMEN-I_IA_EVOL_24	es	True
CARMEN-I_IR_198	es	False
CARMEN-I_IA_EXPLORACION_COMPLEMENTARIA_7	bi	True
CARMEN-I_IT_PROCESO_ACTUAL_7	es	False
CARMEN-I_IR_199	es	False
CARMEN-I_IR_200	es	False
CARMEN-I_IA_PROCESO_ACTUAL_18	es	True
CARMEN-I_IR_201	es	False
CARMEN-I_IA_RADIOGRAFIA_13	bi	True
CARMEN-I_IR_202	bi	False
CARMEN-I_IR_203	bi	False
CARMEN-I_IR_204	es	False
CARMEN-I_IR_205	cat	False
CARMEN-I_IR_206	bi	False
CARMEN-I_IR_207	es	False
CARMEN-I_IR_208	es	False
CARMEN-I_IR_209	es	False
CARMEN-I_IR_210	es	False
CARMEN-I_IT_ANTECEDENTES_2	bi	False
CARMEN-I_IA_SEGUIMIENTO_10	es	True
CARMEN-I_IA_ANTECEDENTES_24	es	True
CARMEN-I_IT_PROCESO_ACTUAL_8	cat	False
CARMEN-I_IR_211	es	False
CARMEN-I_IR_212	es	False
CARMEN-I_IA_EXPLORACION_COMPLEMENTARIA_8	es	True
CARMEN-I_IR_213	es	False
CARMEN-I_IR_214	es	False
CARMEN-I_IR_215	bi	False
CARMEN-I_IA_PROCESO_ACTUAL_19	es	True
CARMEN-I_IT_ANTECEDENTES_3	es	False
CARMEN-I_IR_216	es	False
CARMEN-I_IA_INTERVENCION_QUIRURGICA_3	es	True
CARMEN-I_CC_1	es	True
CARMEN-I_IA_EXPLORACION_COMPLEMENTARIA_9	es	True
CARMEN-I_IR_217	es	False
CARMEN-I_IT_ANTECEDENTES_4	es	False
CARMEN-I_IR_218	bi	False
CARMEN-I_IR_219	es	False
CARMEN-I_IA_SEGUIMIENTO_11	es	False
CARMEN-I_IR_220	es	False
CARMEN-I_IT_INTERVENCION_QUIRURGICA_2	es	False
CARMEN-I_IA_EVOL_25	es	True
CARMEN-I_IR_221	bi	False
CARMEN-I_IR_222	es	False
CARMEN-I_IA_EVOL_26	es	False
CARMEN-I_IR_223	bi	False
CARMEN-I_IR_224	es	False
CARMEN-I_IT_EXPLORACION_CLINICA_6	es	False
CARMEN-I_IA_EVOL_27	es	True
CARMEN-I_IR_225	es	False
CARMEN-I_IA_EXPLORACION_CLINICA_5	es	True
CARMEN-I_IT_EVOL_2	es	True
CARMEN-I_IR_226	es	False
CARMEN-I_IR_227	es	False
CARMEN-I_IR_228	es	False
CARMEN-I_CC_2	bi	True
CARMEN-I_IT_ANTECEDENTES_5	es	False
CARMEN-I_IT_EXPLORACION_CLINICA_7	es	False
CARMEN-I_IT_EXPLORACION_CLINICA_8	es	False
CARMEN-I_IT_EXPLORACION_CLINICA_9	es	False
CARMEN-I_IR_229	es	False
CARMEN-I_IR_230	es	False
CARMEN-I_IR_231	bi	False
CARMEN-I_IA_EVOL_28	es	True
CARMEN-I_IR_232	es	False
CARMEN-I_IA_EXPLORACION_COMPLEMENTARIA_10	bi	True
CARMEN-I_IR_233	es	False
CARMEN-I_IR_234	es	False
CARMEN-I_IR_235	bi	False
CARMEN-I_IA_EVOL_29	es	True
CARMEN-I_IR_236	es	False
CARMEN-I_IA_EVOL_30	es	True
CARMEN-I_IA_EVOL_31	es	True
CARMEN-I_IT_EXPLORACION_CLINICA_10	es	False
CARMEN-I_IR_237	bi	False
CARMEN-I_IR_238	bi	False
CARMEN-I_IT_ANTECEDENTES_6	es	False
CARMEN-I_IT_EVOL_3	es	True
CARMEN-I_IR_239	bi	False
CARMEN-I_IT_EXPLORACION_CLINICA_11	es	False
CARMEN-I_IR_240	es	False
CARMEN-I_IA_SEGUIMIENTO_12	es	False
CARMEN-I_IR_241	es	False
CARMEN-I_IR_242	es	False
CARMEN-I_IR_243	es	False
CARMEN-I_IT_INTERVENCION_QUIRURGICA_3	es	False
CARMEN-I_IR_244	es	False
CARMEN-I_IR_245	bi	False
CARMEN-I_IR_246	es	False
CARMEN-I_IR_247	bi	False
CARMEN-I_IT_PROCESO_ACTUAL_9	es	False
CARMEN-I_IT_ANTECEDENTES_7	es	False
CARMEN-I_IA_EVOL_32	es	True
CARMEN-I_IR_248	bi	False
CARMEN-I_IR_249	es	False
CARMEN-I_IA_EVOL_33	es	False
CARMEN-I_IA_PROCESO_ACTUAL_20	es	False
CARMEN-I_IA_SEGUIMIENTO_13	es	True
CARMEN-I_IA_EVOL_34	es	True
CARMEN-I_IA_ANTECEDENTES_25	es	False
CARMEN-I_IA_EVOL_35	es	False
CARMEN-I_IT_PROCESO_ACTUAL_10	es	False
CARMEN-I_IA_ANTECEDENTES_26	es	True
CARMEN-I_IR_250	es	False
CARMEN-I_IR_251	es	False
CARMEN-I_IR_252	es	False
CARMEN-I_IR_253	bi	False
CARMEN-I_IR_254	es	False
CARMEN-I_IT_ANTECEDENTES_8	es	True
CARMEN-I_IR_255	es	False
CARMEN-I_IR_256	es	False
CARMEN-I_IR_257	es	False
CARMEN-I_IA_RADIOGRAFIA_14	es	True
CARMEN-I_IR_258	es	False
CARMEN-I_IT_PROCESO_ACTUAL_11	es	False
CARMEN-I_IA_EVOL_36	es	True
CARMEN-I_IA_ANTECEDENTES_27	es	True
CARMEN-I_IA_EXPLORACION_CLINICA_6	es	True
CARMEN-I_IT_PROCESO_ACTUAL_12	es	False
CARMEN-I_IR_259	es	False
CARMEN-I_IA_ANTECEDENTES_28	es	True
CARMEN-I_IR_260	es	False
CARMEN-I_IR_261	es	False
CARMEN-I_IR_262	es	False
CARMEN-I_IR_263	bi	False
CARMEN-I_IR_264	es	False
CARMEN-I_IR_265	bi	False
CARMEN-I_IR_266	es	False
CARMEN-I_IR_267	es	False
CARMEN-I_IR_268	es	False
CARMEN-I_IR_269	es	False
CARMEN-I_IR_270	es	False
CARMEN-I_IR_271	es	False
CARMEN-I_IR_272	es	False
CARMEN-I_IR_273	es	False
CARMEN-I_IR_274	es	False
CARMEN-I_IA_EXPLORACION_COMPLEMENTARIA_11	cat	True
CARMEN-I_IA_INTERVENCION_QUIRURGICA_4	es	True
CARMEN-I_IA_EXPLORACION_COMPLEMENTARIA_12	bi	True
CARMEN-I_IR_275	es	False
CARMEN-I_IA_ANTECEDENTES_29	es	True
CARMEN-I_IR_276	es	False
CARMEN-I_IR_277	es	False
CARMEN-I_IR_278	es	False
CARMEN-I_IR_279	bi	False
CARMEN-I_IR_280	es	False
CARMEN-I_IR_281	es	False
CARMEN-I_IR_282	es	False
CARMEN-I_IR_283	es	False
CARMEN-I_IT_EXPLORACION_CLINICA_12	es	False
CARMEN-I_IR_284	bi	False
CARMEN-I_IR_285	es	False
CARMEN-I_IR_286	es	False
CARMEN-I_IA_EXPLORACION_COMPLEMENTARIA_13	cat	True
CARMEN-I_IR_287	bi	False
CARMEN-I_IA_ANTECEDENTES_30	es	False
CARMEN-I_IA_EXPLORACION_COMPLEMENTARIA_14	cat	False
CARMEN-I_IR_288	es	False
CARMEN-I_IR_289	es	False
CARMEN-I_IR_290	cat	False
CARMEN-I_IR_291	es	False
CARMEN-I_IA_EXPLORACION_CLINICA_7	es	True
CARMEN-I_IR_292	es	False
CARMEN-I_IA_PROCESO_ACTUAL_21	es	True
CARMEN-I_IR_293	es	False
CARMEN-I_IR_294	es	False
CARMEN-I_IR_295	es	False
CARMEN-I_IR_296	es	False
CARMEN-I_IA_PROCESO_ACTUAL_22	es	False
CARMEN-I_IR_297	es	False
CARMEN-I_IR_298	es	False
CARMEN-I_IA_EVOL_37	es	True
CARMEN-I_IA_EXPLORACION_CLINICA_8	es	True
CARMEN-I_IR_299	es	False
CARMEN-I_IR_300	es	False
CARMEN-I_IR_301	es	False
CARMEN-I_IR_302	es	False
CARMEN-I_IR_303	es	False
CARMEN-I_IR_304	bi	False
CARMEN-I_IR_305	es	False
CARMEN-I_IA_EVOL_38	es	True
CARMEN-I_IR_306	es	False
CARMEN-I_IA_PROCESO_ACTUAL_23	es	True
CARMEN-I_IR_307	es	False
CARMEN-I_IR_308	es	False
CARMEN-I_IR_309	es	False
CARMEN-I_IR_310	es	False
CARMEN-I_IA_EXPLORACION_COMPLEMENTARIA_15	es	True
CARMEN-I_IT_INTERVENCION_QUIRURGICA_4	es	False
CARMEN-I_IR_311	es	False
CARMEN-I_IT_PROCESO_ACTUAL_13	es	False
CARMEN-I_IR_312	es	False
CARMEN-I_IR_313	bi	False
CARMEN-I_IR_314	es	False
CARMEN-I_IA_ANTECEDENTES_31	es	True
CARMEN-I_IT_PROCESO_ACTUAL_14	es	False
CARMEN-I_IA_RADIOGRAFIA_15	es	True
CARMEN-I_IA_PROCESO_ACTUAL_24	es	False
CARMEN-I_IR_315	es	False
CARMEN-I_IA_SEGUIMIENTO_14	es	False
CARMEN-I_IR_316	es	False
CARMEN-I_IR_317	es	False
CARMEN-I_IA_PROCESO_ACTUAL_25	es	True
CARMEN-I_IR_318	es	False
CARMEN-I_IA_PROCESO_ACTUAL_26	es	True
CARMEN-I_IR_319	es	False
CARMEN-I_IR_320	es	False
CARMEN-I_IT_PROCESO_ACTUAL_15	es	False
CARMEN-I_IA_SEGUIMIENTO_15	es	True
CARMEN-I_IR_321	es	False
CARMEN-I_IA_PROCESO_ACTUAL_27	es	False
CARMEN-I_IA_SEGUIMIENTO_16	es	True
CARMEN-I_IR_322	es	False
CARMEN-I_IA_ANTECEDENTES_32	es	True
CARMEN-I_IR_323	es	False
CARMEN-I_IR_324	es	False
CARMEN-I_IA_PROCESO_ACTUAL_28	es	False
CARMEN-I_IT_ANTECEDENTES_9	es	False
CARMEN-I_IR_325	es	False
CARMEN-I_IR_326	es	False
CARMEN-I_IR_327	es	False
CARMEN-I_IA_EVOL_39	es	False
CARMEN-I_IR_328	es	False
CARMEN-I_IR_329	es	False
CARMEN-I_IR_330	bi	False
CARMEN-I_IA_EVOL_40	es	True
CARMEN-I_IR_331	es	False
CARMEN-I_IR_332	es	False
CARMEN-I_IR_333	es	False
CARMEN-I_IR_334	es	False
CARMEN-I_IA_INTERVENCION_QUIRURGICA_5	es	True
CARMEN-I_IR_335	es	False
CARMEN-I_IR_336	es	False
CARMEN-I_IA_EVOL_41	es	True
CARMEN-I_IR_337	es	False
CARMEN-I_IR_338	es	False
CARMEN-I_IR_339	bi	False
CARMEN-I_IR_340	es	False
CARMEN-I_IA_ANTECEDENTES_33	es	True
CARMEN-I_IT_PROCESO_ACTUAL_16	es	False
CARMEN-I_IR_341	es	False
CARMEN-I_IR_342	bi	False
CARMEN-I_IA_ANTECEDENTES_34	es	True
CARMEN-I_IA_EXPLORACION_COMPLEMENTARIA_16	es	False
CARMEN-I_IR_343	es	False
CARMEN-I_IR_344	es	False
CARMEN-I_IR_345	es	False
CARMEN-I_IA_ANTECEDENTES_35	es	False
CARMEN-I_IR_346	es	False
CARMEN-I_IA_EVOL_42	es	True
CARMEN-I_IR_347	es	False
CARMEN-I_IA_EVOL_43	es	True
CARMEN-I_IR_348	es	False
CARMEN-I_IR_349	es	False
CARMEN-I_IT_INTERVENCION_QUIRURGICA_5	bi	False
CARMEN-I_IA_PLAN_TERAPEUTICO_4	es	True
CARMEN-I_IR_350	es	False
CARMEN-I_IT_INTERVENCION_QUIRURGICA_6	bi	False
CARMEN-I_IR_351	es	False
CARMEN-I_IR_352	es	False
CARMEN-I_IR_353	es	False
CARMEN-I_IR_354	es	False
CARMEN-I_IR_355	es	False
CARMEN-I_IR_356	es	False
CARMEN-I_IR_357	es	False
CARMEN-I_IR_358	bi	False
CARMEN-I_IR_359	bi	False
CARMEN-I_IA_PROCESO_ACTUAL_29	es	True
CARMEN-I_IA_ANTECEDENTES_36	es	True
CARMEN-I_IR_360	es	False
CARMEN-I_IR_361	es	False
CARMEN-I_IA_RADIOGRAFIA_16	es	True
CARMEN-I_IA_ANTECEDENTES_37	es	True
CARMEN-I_IR_362	es	False
CARMEN-I_IR_363	es	False
CARMEN-I_IA_ANTECEDENTES_38	es	False
CARMEN-I_IA_EVOL_44	es	True
CARMEN-I_IA_PROCESO_ACTUAL_30	es	False
CARMEN-I_IR_364	es	False
CARMEN-I_IR_365	es	False
CARMEN-I_IR_366	es	False
CARMEN-I_IA_EXPLORACION_COMPLEMENTARIA_17	es	True
CARMEN-I_IR_367	bi	False
CARMEN-I_IA_ANTECEDENTES_39	es	True
CARMEN-I_IR_368	es	False
CARMEN-I_IR_369	es	False
CARMEN-I_IA_EVOL_45	es	True
CARMEN-I_IR_370	es	False
CARMEN-I_IR_371	es	False
CARMEN-I_IA_ANTECEDENTES_40	es	True
CARMEN-I_IR_372	es	False
CARMEN-I_IR_373	es	False
CARMEN-I_IR_374	bi	False
CARMEN-I_IA_ANTECEDENTES_41	es	True
CARMEN-I_IR_375	bi	False
CARMEN-I_IA_PLAN_TERAPEUTICO_5	es	True
CARMEN-I_IT_EXPLORACION_CLINICA_13	es	False
CARMEN-I_IA_EVOL_46	es	True
CARMEN-I_IR_376	es	False
CARMEN-I_IA_PROCESO_ACTUAL_31	es	True
CARMEN-I_IA_PLAN_TERAPEUTICO_6	es	True
CARMEN-I_IR_377	es	False
CARMEN-I_IA_RADIOGRAFIA_17	es	True
CARMEN-I_IA_EVOL_47	es	True
CARMEN-I_IR_378	es	False
CARMEN-I_IA_EVOL_48	es	False
CARMEN-I_IR_379	es	False
CARMEN-I_IA_PROCESO_ACTUAL_32	cat	True
CARMEN-I_IR_380	bi	False
CARMEN-I_IR_381	bi	False
CARMEN-I_IR_382	es	False
CARMEN-I_IR_383	es	False
CARMEN-I_IR_384	bi	False
CARMEN-I_IR_385	es	False
CARMEN-I_IA_EVOL_49	es	True
CARMEN-I_IR_386	es	False
CARMEN-I_IT_PROCESO_ACTUAL_17	es	False
CARMEN-I_IA_ANTECEDENTES_42	es	True
CARMEN-I_IA_EVOL_50	es	True
CARMEN-I_IR_387	es	True
CARMEN-I_IR_388	bi	False
CARMEN-I_IA_ANTECEDENTES_43	es	True
CARMEN-I_IR_389	es	False
CARMEN-I_IA_ANTECEDENTES_44	es	True
CARMEN-I_IA_RADIOGRAFIA_18	es	True
CARMEN-I_IT_PROCESO_ACTUAL_18	es	False
CARMEN-I_IA_ANTECEDENTES_45	es	True
CARMEN-I_IA_ANTECEDENTES_46	es	True
CARMEN-I_IT_ANTECEDENTES_10	es	False
CARMEN-I_IR_390	es	False
CARMEN-I_IR_391	es	False
CARMEN-I_IA_PROCESO_ACTUAL_33	es	True
CARMEN-I_IR_392	es	False
CARMEN-I_IR_393	es	False
CARMEN-I_IR_394	bi	False
CARMEN-I_IR_395	es	False
CARMEN-I_IR_396	es	False
CARMEN-I_IR_397	es	False
CARMEN-I_IR_398	es	False
CARMEN-I_IA_PLAN_TERAPEUTICO_7	es	True
CARMEN-I_IR_399	es	False
CARMEN-I_IR_400	es	False
CARMEN-I_IR_401	bi	False
CARMEN-I_IR_402	es	False
CARMEN-I_IR_403	es	False
CARMEN-I_IR_404	es	False
CARMEN-I_IT_ANTECEDENTES_11	es	False
CARMEN-I_IR_405	es	False
CARMEN-I_IA_EXPLORACION_COMPLEMENTARIA_18	bi	True
CARMEN-I_IR_406	es	False
CARMEN-I_IR_407	es	False
CARMEN-I_IR_408	es	False
CARMEN-I_IR_409	es	False
CARMEN-I_IA_PROCESO_ACTUAL_34	es	True
CARMEN-I_IR_410	es	False
CARMEN-I_IT_PROCESO_ACTUAL_19	es	False
CARMEN-I_IR_411	es	False
CARMEN-I_IA_EXPLORACION_CLINICA_9	es	True
CARMEN-I_CC_3	es	True
CARMEN-I_IT_EXPLORACION_CLINICA_14	es	False
CARMEN-I_IR_412	es	False
CARMEN-I_IR_413	es	False
CARMEN-I_IR_414	es	False
CARMEN-I_IR_415	es	False
CARMEN-I_IR_416	es	False
CARMEN-I_IR_417	es	False
CARMEN-I_IR_418	bi	False
CARMEN-I_IT_ANTECEDENTES_12	es	False
CARMEN-I_IR_419	es	False
CARMEN-I_IR_420	es	False
CARMEN-I_IR_421	bi	False
CARMEN-I_IR_422	es	False
CARMEN-I_IR_423	es	False
CARMEN-I_IR_424	es	False
CARMEN-I_IA_PROCESO_ACTUAL_35	es	True
CARMEN-I_IR_425	es	False
CARMEN-I_IA_EVOL_51	es	False
CARMEN-I_IR_426	es	False
CARMEN-I_IR_427	bi	False
CARMEN-I_IA_EVOL_52	es	True
CARMEN-I_IA_EXPLORACION_CLINICA_10	es	True
CARMEN-I_IR_428	es	False
CARMEN-I_IA_PLAN_TERAPEUTICO_8	es	True
CARMEN-I_IT_PLAN_TERAPEUTICO_1	es	False
CARMEN-I_IR_429	bi	False
CARMEN-I_IR_430	es	False
CARMEN-I_IA_EXPLORACION_COMPLEMENTARIA_19	es	True
CARMEN-I_IR_431	es	False
CARMEN-I_IT_PROCESO_ACTUAL_20	es	False
CARMEN-I_IR_432	es	False
CARMEN-I_IR_433	es	False
CARMEN-I_IR_434	es	False
CARMEN-I_IA_ANTECEDENTES_47	es	True
CARMEN-I_IA_ANTECEDENTES_48	es	True
CARMEN-I_IR_435	cat	False
CARMEN-I_IA_EVOL_53	es	False
CARMEN-I_IR_436	es	False
CARMEN-I_IR_437	bi	False
CARMEN-I_IR_438	es	False
CARMEN-I_IT_PROCESO_ACTUAL_21	es	False
CARMEN-I_IA_EVOL_54	es	True
CARMEN-I_IR_439	es	False
CARMEN-I_IA_SEGUIMIENTO_17	es	False
CARMEN-I_IA_EVOL_55	bi	True
CARMEN-I_IT_EXPLORACION_CLINICA_15	es	False
CARMEN-I_IR_440	es	False
CARMEN-I_IR_441	es	False
CARMEN-I_IR_442	es	False
CARMEN-I_IA_ANTECEDENTES_49	es	True
CARMEN-I_IR_443	es	False
CARMEN-I_IR_444	bi	False
CARMEN-I_IT_ANTECEDENTES_13	es	False
CARMEN-I_IT_ANTECEDENTES_14	bi	True
CARMEN-I_IR_445	es	False
CARMEN-I_IT_EXPLORACION_CLINICA_16	es	False
CARMEN-I_IR_446	es	False
CARMEN-I_IT_EXPLORACION_CLINICA_17	es	False
CARMEN-I_IA_RADIOGRAFIA_19	es	True
CARMEN-I_IR_447	es	False
CARMEN-I_IT_INTERVENCION_QUIRURGICA_7	bi	False
CARMEN-I_IR_448	es	False
CARMEN-I_IR_449	es	False
CARMEN-I_IT_ANTECEDENTES_15	es	False
CARMEN-I_IR_450	es	False
CARMEN-I_IA_EVOL_56	es	True
CARMEN-I_IA_EXPLORACION_CLINICA_11	es	True
CARMEN-I_IR_451	es	False
CARMEN-I_IT_PROCESO_ACTUAL_22	es	False
CARMEN-I_IR_452	bi	False
CARMEN-I_IR_453	es	False
CARMEN-I_IA_ANTECEDENTES_50	es	True
CARMEN-I_IT_ANTECEDENTES_16	es	True
CARMEN-I_IA_SEGUIMIENTO_18	es	True
CARMEN-I_IA_PROCESO_ACTUAL_36	es	True
CARMEN-I_IR_454	es	False
CARMEN-I_IA_SEGUIMIENTO_19	es	False
CARMEN-I_IA_RADIOGRAFIA_20	es	True
CARMEN-I_IA_ANTECEDENTES_51	es	True
CARMEN-I_IA_ANTECEDENTES_52	es	False
CARMEN-I_IR_455	es	False
CARMEN-I_IR_456	es	False
CARMEN-I_IR_457	bi	False
CARMEN-I_IA_ANTECEDENTES_53	es	False
CARMEN-I_IR_458	es	False
CARMEN-I_IR_459	es	False
CARMEN-I_IR_460	es	False
CARMEN-I_IR_461	es	False
CARMEN-I_IT_ANTECEDENTES_17	es	False
CARMEN-I_IR_462	es	False
CARMEN-I_IA_ANTECEDENTES_54	es	True
CARMEN-I_IR_463	es	False
CARMEN-I_IR_464	es	False
CARMEN-I_IA_ANTECEDENTES_55	cat	True
CARMEN-I_IA_EVOL_57	es	True
CARMEN-I_IR_465	bi	False
CARMEN-I_IR_466	es	False
CARMEN-I_IR_467	es	False
CARMEN-I_IA_ANTECEDENTES_56	es	True
CARMEN-I_IR_468	bi	False
CARMEN-I_IT_ANTECEDENTES_18	es	False
CARMEN-I_IR_469	es	False
CARMEN-I_IA_ANTECEDENTES_57	es	True
CARMEN-I_IA_PROCESO_ACTUAL_37	es	True
CARMEN-I_IR_470	es	False
CARMEN-I_IR_471	es	False
CARMEN-I_IR_472	es	False
CARMEN-I_IR_473	es	False
CARMEN-I_IR_474	es	False
CARMEN-I_IR_475	es	False
CARMEN-I_IA_EXPLORACION_COMPLEMENTARIA_20	es	False
CARMEN-I_IT_EXPLORACION_CLINICA_18	es	False
CARMEN-I_IR_476	es	False
CARMEN-I_IR_477	es	False
CARMEN-I_IR_478	bi	False
CARMEN-I_IA_ANTECEDENTES_58	es	True
CARMEN-I_IR_479	bi	False
CARMEN-I_IR_480	es	False
CARMEN-I_IA_PROCESO_ACTUAL_38	es	False
CARMEN-I_IR_481	es	False
CARMEN-I_IR_482	es	False
CARMEN-I_IR_483	bi	False
CARMEN-I_IA_PROCESO_ACTUAL_39	es	True
CARMEN-I_IR_484	es	False
CARMEN-I_IA_EXPLORACION_CLINICA_12	es	True
CARMEN-I_IA_PROCESO_ACTUAL_40	es	True
CARMEN-I_IT_PROCESO_ACTUAL_23	es	False
CARMEN-I_IR_485	bi	False
CARMEN-I_IR_486	es	False
CARMEN-I_IA_SEGUIMIENTO_20	es	True
CARMEN-I_IA_PLAN_TERAPEUTICO_9	es	False
CARMEN-I_IR_487	es	False
CARMEN-I_IR_488	bi	False
CARMEN-I_IT_EXPLORACION_CLINICA_19	es	False
CARMEN-I_IA_ANTECEDENTES_59	es	True
CARMEN-I_IR_489	bi	False
CARMEN-I_IR_490	es	False
CARMEN-I_IT_EXPLORACION_CLINICA_20	es	False
CARMEN-I_IA_SEGUIMIENTO_21	es	False
CARMEN-I_IA_ANTECEDENTES_60	es	True
CARMEN-I_IT_ANTECEDENTES_19	es	True
CARMEN-I_IA_EVOL_58	es	True
CARMEN-I_IR_491	bi	False
CARMEN-I_IR_492	es	False
CARMEN-I_IR_493	es	False
CARMEN-I_IR_494	cat	False
CARMEN-I_IR_495	es	False
CARMEN-I_IR_496	es	False
CARMEN-I_IR_497	es	False
CARMEN-I_IR_498	es	False
CARMEN-I_IA_EXPLORACION_CLINICA_13	es	True
CARMEN-I_IA_ANTECEDENTES_61	es	True
CARMEN-I_IA_ANTECEDENTES_62	es	True
CARMEN-I_IA_EVOL_59	es	True
CARMEN-I_IR_499	es	False
CARMEN-I_IR_500	es	False
CARMEN-I_IA_PROCESO_ACTUAL_41	es	False
CARMEN-I_IR_501	es	False
CARMEN-I_IR_502	es	False
CARMEN-I_IE_2	es	True
CARMEN-I_IR_503	es	False
CARMEN-I_IR_504	bi	False
CARMEN-I_IR_505	es	False
CARMEN-I_IA_PLAN_TERAPEUTICO_10	es	True
CARMEN-I_IA_EVOL_60	es	True
CARMEN-I_IR_506	es	False
CARMEN-I_IA_PROCESO_ACTUAL_42	es	True
CARMEN-I_IR_507	es	False
CARMEN-I_IR_508	es	False
CARMEN-I_IA_EVOL_61	es	True
CARMEN-I_IA_ANTECEDENTES_63	es	True
CARMEN-I_IR_509	es	False
CARMEN-I_IA_EXPLORACION_CLINICA_14	es	True
CARMEN-I_IA_PROCESO_ACTUAL_43	es	False
CARMEN-I_IR_510	es	False
CARMEN-I_IR_511	es	False
CARMEN-I_IE_3	es	True
CARMEN-I_IR_512	bi	False
CARMEN-I_IR_513	bi	False
CARMEN-I_IR_514	es	False
CARMEN-I_IR_515	bi	False
CARMEN-I_IR_516	bi	False
CARMEN-I_IR_517	es	False
CARMEN-I_IT_EXPLORACION_CLINICA_21	es	False
CARMEN-I_IA_PROCESO_ACTUAL_44	es	True
CARMEN-I_IR_518	es	False
CARMEN-I_IR_519	es	False
CARMEN-I_IR_520	es	False
CARMEN-I_IA_EXPLORACION_COMPLEMENTARIA_21	bi	True
CARMEN-I_IA_EVOL_62	es	True
CARMEN-I_IR_521	es	False
CARMEN-I_IA_SEGUIMIENTO_22	es	False
CARMEN-I_IR_522	es	False
CARMEN-I_IA_EVOL_63	es	True
CARMEN-I_IR_523	es	False
CARMEN-I_IA_SEGUIMIENTO_23	es	False
CARMEN-I_IR_524	es	False
CARMEN-I_IA_ANTECEDENTES_64	es	False
CARMEN-I_IR_525	bi	False
CARMEN-I_IR_526	es	False
CARMEN-I_IR_527	bi	False
CARMEN-I_IR_528	es	False
CARMEN-I_IA_ANTECEDENTES_65	es	False
CARMEN-I_IT_ANTECEDENTES_20	es	False
CARMEN-I_IR_529	es	False
CARMEN-I_IA_EVOL_64	es	False
CARMEN-I_IR_530	es	False
CARMEN-I_IR_531	bi	False
CARMEN-I_IR_532	es	False
CARMEN-I_IR_533	es	False
CARMEN-I_IR_534	es	False
CARMEN-I_IR_535	es	False
CARMEN-I_IT_PROCESO_ACTUAL_24	es	False
CARMEN-I_IR_536	es	False
CARMEN-I_IT_PROCESO_ACTUAL_25	es	False
CARMEN-I_IA_ANTECEDENTES_66	es	True
CARMEN-I_IT_PROCESO_ACTUAL_26	es	False
CARMEN-I_IR_537	es	False
CARMEN-I_IA_EXPLORACION_COMPLEMENTARIA_22	es	True
CARMEN-I_IR_538	es	False
CARMEN-I_IR_539	bi	False
CARMEN-I_IR_540	es	False
CARMEN-I_IA_EVOL_65	es	True
CARMEN-I_IR_541	es	False
CARMEN-I_IR_542	es	False
CARMEN-I_IR_543	es	False
CARMEN-I_IR_544	bi	False
CARMEN-I_IT_EXPLORACION_CLINICA_22	es	False
CARMEN-I_IA_EXPLORACION_COMPLEMENTARIA_23	bi	True
CARMEN-I_IA_RADIOGRAFIA_21	bi	True
CARMEN-I_IR_545	bi	False
CARMEN-I_IR_546	es	False
CARMEN-I_IR_547	es	False
CARMEN-I_IT_EXPLORACION_CLINICA_23	cat	False
CARMEN-I_IR_548	bi	False
CARMEN-I_IR_549	es	False
CARMEN-I_IR_550	es	False
CARMEN-I_IR_551	bi	False
CARMEN-I_IR_552	cat	False
CARMEN-I_IA_EXPLORACION_CLINICA_15	es	True
CARMEN-I_IR_553	bi	False
CARMEN-I_IT_ANTECEDENTES_21	es	True
CARMEN-I_IR_554	bi	False
CARMEN-I_IR_555	es	False
CARMEN-I_IA_SEGUIMIENTO_24	es	False
CARMEN-I_IA_ANTECEDENTES_67	es	False
CARMEN-I_IR_556	es	False
CARMEN-I_IA_INTERVENCION_QUIRURGICA_6	es	False
CARMEN-I_IR_557	es	False
CARMEN-I_IA_SEGUIMIENTO_25	es	True
CARMEN-I_IA_ANTECEDENTES_68	es	False
CARMEN-I_IR_558	es	False
CARMEN-I_IR_559	es	False
CARMEN-I_IT_ANTECEDENTES_22	bi	False
CARMEN-I_IA_PROCESO_ACTUAL_45	es	False
CARMEN-I_IR_560	es	False
CARMEN-I_IA_ANTECEDENTES_69	es	True
CARMEN-I_IA_PROCESO_ACTUAL_46	es	True
CARMEN-I_IR_561	es	False
CARMEN-I_IT_PLAN_TERAPEUTICO_2	es	False
CARMEN-I_IA_EVOL_66	es	True
CARMEN-I_IR_562	es	True
CARMEN-I_IR_563	es	False
CARMEN-I_IR_564	es	False
CARMEN-I_IR_565	es	False
CARMEN-I_IR_566	es	False
CARMEN-I_IR_567	bi	False
CARMEN-I_IR_568	es	False
CARMEN-I_IA_RADIOGRAFIA_22	es	True
CARMEN-I_IA_PROCESO_ACTUAL_47	es	True
CARMEN-I_IA_EXPLORACION_COMPLEMENTARIA_24	es	False
CARMEN-I_IR_569	es	False
CARMEN-I_IT_PROCESO_ACTUAL_27	es	False
CARMEN-I_IA_PROCESO_ACTUAL_48	es	False
CARMEN-I_IR_570	es	False
CARMEN-I_IR_571	bi	False
CARMEN-I_IA_PROCESO_ACTUAL_49	es	True
CARMEN-I_IR_572	es	False
CARMEN-I_IA_EVOL_67	es	False
CARMEN-I_IA_ANTECEDENTES_70	es	False
CARMEN-I_IR_573	es	False
CARMEN-I_IA_PROCESO_ACTUAL_50	es	True
CARMEN-I_IA_EVOL_68	es	False
CARMEN-I_IR_574	bi	False
CARMEN-I_IA_PLAN_TERAPEUTICO_11	es	True
CARMEN-I_IR_575	bi	False
CARMEN-I_IR_576	es	False
CARMEN-I_IA_EXPLORACION_CLINICA_16	es	True
CARMEN-I_IA_ANTECEDENTES_71	es	False
CARMEN-I_CC_4	es	True
CARMEN-I_IR_577	bi	False
CARMEN-I_IR_578	es	True
CARMEN-I_IA_EVOL_69	es	True
CARMEN-I_IA_SEGUIMIENTO_26	es	False
CARMEN-I_IR_579	es	False
CARMEN-I_IA_INTERVENCION_QUIRURGICA_7	es	True
CARMEN-I_IA_PROCESO_ACTUAL_51	es	False
CARMEN-I_IA_PLAN_TERAPEUTICO_12	es	True
CARMEN-I_IR_580	es	False
CARMEN-I_IR_581	es	False
CARMEN-I_IA_ANTECEDENTES_72	es	True
CARMEN-I_IA_PLAN_TERAPEUTICO_13	es	True
CARMEN-I_IT_INTERVENCION_QUIRURGICA_8	es	False
CARMEN-I_IR_582	es	False
CARMEN-I_IR_583	es	False
CARMEN-I_IR_584	es	False
CARMEN-I_IR_585	es	False
CARMEN-I_IA_EXPLORACION_CLINICA_17	es	True
CARMEN-I_IA_RADIOGRAFIA_23	es	True
CARMEN-I_IR_586	es	False
CARMEN-I_IR_587	es	False
CARMEN-I_IR_588	es	False
CARMEN-I_IA_PLAN_TERAPEUTICO_14	es	False
CARMEN-I_IA_PROCESO_ACTUAL_52	es	True
CARMEN-I_IR_589	es	False
CARMEN-I_IR_590	es	False
CARMEN-I_IR_591	es	False
CARMEN-I_IE_4	es	True
CARMEN-I_IR_592	es	False
CARMEN-I_IT_INTERVENCION_QUIRURGICA_9	cat	False
CARMEN-I_IR_593	es	False
CARMEN-I_IA_EXPLORACION_COMPLEMENTARIA_25	es	True
CARMEN-I_IT_PROCESO_ACTUAL_28	es	True
CARMEN-I_IR_594	es	False
CARMEN-I_IR_595	es	False
CARMEN-I_IR_596	es	False
CARMEN-I_IR_597	es	False
CARMEN-I_IA_ANTECEDENTES_73	es	False
CARMEN-I_IR_598	es	False
CARMEN-I_IR_599	bi	False
CARMEN-I_IR_600	es	False
CARMEN-I_IA_EXPLORACION_COMPLEMENTARIA_26	es	True
CARMEN-I_IT_EXPLORACION_CLINICA_24	es	False
CARMEN-I_IA_PROCESO_ACTUAL_53	es	True
CARMEN-I_IA_ANTECEDENTES_74	es	True
CARMEN-I_IR_601	es	False
CARMEN-I_IA_EVOL_70	es	True
CARMEN-I_IR_602	es	False
CARMEN-I_IR_603	es	False
CARMEN-I_IR_604	es	False
CARMEN-I_IA_ANTECEDENTES_75	es	True
CARMEN-I_IT_ANTECEDENTES_23	es	False
CARMEN-I_IR_605	es	False
CARMEN-I_IR_606	es	False
CARMEN-I_IT_PROCESO_ACTUAL_29	es	False
CARMEN-I_IA_EVOL_71	es	True
CARMEN-I_IR_607	es	False
CARMEN-I_IR_608	es	False
CARMEN-I_IR_609	es	False
CARMEN-I_IR_610	es	False
CARMEN-I_IR_611	es	False
CARMEN-I_IA_PROCESO_ACTUAL_54	es	True
CARMEN-I_IR_612	es	False
CARMEN-I_IR_613	es	False
CARMEN-I_IR_614	es	False
CARMEN-I_IR_615	es	False
CARMEN-I_IR_616	es	False
CARMEN-I_IR_617	es	False
CARMEN-I_IA_EVOL_72	es	True
CARMEN-I_IR_618	es	False
CARMEN-I_IR_619	es	False
CARMEN-I_IT_EXPLORACION_CLINICA_25	es	False
CARMEN-I_IR_620	es	False
CARMEN-I_IR_621	es	False
CARMEN-I_IA_PROCESO_ACTUAL_55	es	True
CARMEN-I_IT_PROCESO_ACTUAL_30	es	False
CARMEN-I_IR_622	bi	False
CARMEN-I_IR_623	es	False
CARMEN-I_IR_624	es	False
CARMEN-I_IR_625	es	False
CARMEN-I_IR_626	es	False
CARMEN-I_IR_627	bi	False
CARMEN-I_IR_628	es	False
CARMEN-I_IT_ANTECEDENTES_24	es	False
CARMEN-I_IR_629	bi	False
CARMEN-I_IR_630	bi	False
CARMEN-I_IT_ANTECEDENTES_25	es	False
CARMEN-I_IR_631	es	False
CARMEN-I_IR_632	es	False
CARMEN-I_IR_633	es	False
CARMEN-I_IR_634	bi	False
CARMEN-I_IA_ANTECEDENTES_76	es	True
CARMEN-I_IA_EXPLORACION_COMPLEMENTARIA_27	bi	True
CARMEN-I_IA_PROCESO_ACTUAL_56	es	True
CARMEN-I_IA_ANTECEDENTES_77	es	True
CARMEN-I_IR_635	es	False
CARMEN-I_IR_636	bi	False
CARMEN-I_IR_637	es	False
CARMEN-I_IR_638	es	False
CARMEN-I_IR_639	bi	False
CARMEN-I_IR_640	es	False
CARMEN-I_IA_INTERVENCION_QUIRURGICA_8	es	True
CARMEN-I_IR_641	es	False
CARMEN-I_IR_642	es	False
CARMEN-I_IR_643	es	False
CARMEN-I_IA_EVOL_73	es	True
CARMEN-I_IA_EVOL_74	es	True
CARMEN-I_IR_644	es	False
CARMEN-I_IR_645	es	False
CARMEN-I_IR_646	es	False
CARMEN-I_IR_647	es	False
CARMEN-I_IR_648	es	False
CARMEN-I_IA_EVOL_75	bi	True
CARMEN-I_IT_ANTECEDENTES_26	bi	False
CARMEN-I_IA_ANTECEDENTES_78	es	True
CARMEN-I_IR_649	es	False
CARMEN-I_IR_650	bi	False
CARMEN-I_IR_651	es	False
CARMEN-I_IA_EVOL_76	es	True
CARMEN-I_IA_EVOL_77	es	True
CARMEN-I_IA_ANTECEDENTES_79	es	True
CARMEN-I_IR_652	es	False
CARMEN-I_IR_653	es	False
CARMEN-I_IR_654	es	False
CARMEN-I_IR_655	es	False
CARMEN-I_IR_656	es	False
CARMEN-I_IR_657	es	False
CARMEN-I_IR_658	es	False
CARMEN-I_IR_659	es	False
CARMEN-I_IR_660	es	False
CARMEN-I_IR_661	bi	False
CARMEN-I_IR_662	bi	False
CARMEN-I_IA_PLAN_TERAPEUTICO_15	es	True
CARMEN-I_IA_EVOL_78	es	True
CARMEN-I_IR_663	es	False
CARMEN-I_IR_664	es	False
CARMEN-I_IR_665	bi	False
CARMEN-I_IT_ANTECEDENTES_27	es	False
CARMEN-I_IR_666	es	False
CARMEN-I_IR_667	es	False
CARMEN-I_IA_EXPLORACION_COMPLEMENTARIA_28	bi	True
CARMEN-I_IT_ANTECEDENTES_28	es	False
CARMEN-I_IA_INTERVENCION_QUIRURGICA_9	es	True
CARMEN-I_IA_ANTECEDENTES_80	es	True
CARMEN-I_IA_EVOL_79	es	True
CARMEN-I_IR_668	es	False
CARMEN-I_IR_669	es	False
CARMEN-I_IR_670	es	False
CARMEN-I_IR_671	es	False
CARMEN-I_IA_ANTECEDENTES_81	es	True
CARMEN-I_IA_ANTECEDENTES_82	es	False
CARMEN-I_IR_672	es	False
CARMEN-I_IR_673	es	False
CARMEN-I_IA_EVOL_80	es	False
CARMEN-I_IR_674	es	False
CARMEN-I_IA_RADIOGRAFIA_24	es	True
CARMEN-I_IA_EXPLORACION_COMPLEMENTARIA_29	es	True
CARMEN-I_IR_675	cat	False
CARMEN-I_IR_676	es	False
CARMEN-I_IR_677	es	False
CARMEN-I_IR_678	es	False
CARMEN-I_IA_PROCESO_ACTUAL_57	es	True
CARMEN-I_IR_679	bi	False
CARMEN-I_IR_680	bi	False
CARMEN-I_IR_681	es	False
CARMEN-I_IA_PROCESO_ACTUAL_58	es	True
CARMEN-I_IR_682	bi	False
CARMEN-I_IR_683	es	False
CARMEN-I_IR_684	es	False
CARMEN-I_IR_685	es	False
CARMEN-I_IR_686	es	False
CARMEN-I_IR_687	es	False
CARMEN-I_IA_EVOL_81	es	False
CARMEN-I_IR_688	es	False
CARMEN-I_IA_PLAN_TERAPEUTICO_16	es	False
CARMEN-I_IR_689	es	False
CARMEN-I_IT_PROCESO_ACTUAL_31	es	False
CARMEN-I_IA_PROCESO_ACTUAL_59	es	True
CARMEN-I_IR_690	es	False
CARMEN-I_IA_SEGUIMIENTO_27	es	True
CARMEN-I_IR_691	es	False
CARMEN-I_IR_692	bi	False
CARMEN-I_IR_693	es	False
CARMEN-I_IR_694	es	False
CARMEN-I_IR_695	es	False
CARMEN-I_IA_PROCESO_ACTUAL_60	es	False
CARMEN-I_IA_EVOL_82	es	True
CARMEN-I_IR_696	es	False
CARMEN-I_IR_697	es	False
CARMEN-I_IA_EVOL_83	es	True
CARMEN-I_IA_ANTECEDENTES_83	es	False
CARMEN-I_IR_698	es	False
CARMEN-I_IR_699	es	False
CARMEN-I_IR_700	es	False
CARMEN-I_IA_EXPLORACION_CLINICA_18	es	True
CARMEN-I_IR_701	es	False
CARMEN-I_IR_702	es	False
CARMEN-I_IR_703	bi	False
CARMEN-I_IR_704	es	False
CARMEN-I_IT_ANTECEDENTES_29	es	False
CARMEN-I_IR_705	es	False
CARMEN-I_IR_706	bi	False
CARMEN-I_IR_707	es	False
CARMEN-I_IR_708	es	False
CARMEN-I_IR_709	es	False
CARMEN-I_IA_EVOL_84	es	True
CARMEN-I_IR_710	es	False
CARMEN-I_IR_711	es	False
CARMEN-I_IR_712	es	False
CARMEN-I_IR_713	es	False
CARMEN-I_IR_714	es	False
CARMEN-I_IA_ANTECEDENTES_84	es	True
CARMEN-I_IA_EVOL_85	es	True
CARMEN-I_IR_715	bi	False
CARMEN-I_IR_716	es	False
CARMEN-I_IR_717	es	False
CARMEN-I_IR_718	es	False
CARMEN-I_IA_EVOL_86	es	False
CARMEN-I_IR_719	es	True
CARMEN-I_IR_720	es	False
CARMEN-I_IR_721	es	False
CARMEN-I_IR_722	bi	False
CARMEN-I_IR_723	bi	False
CARMEN-I_IT_ANTECEDENTES_30	es	False
CARMEN-I_IR_724	es	False
CARMEN-I_IA_INTERVENCION_QUIRURGICA_10	es	True
CARMEN-I_IR_725	es	False
CARMEN-I_IR_726	es	False
CARMEN-I_IR_727	bi	False
CARMEN-I_IR_728	es	False
CARMEN-I_IR_729	es	False
CARMEN-I_IR_730	es	False
CARMEN-I_IR_731	bi	False
CARMEN-I_IR_732	es	False
CARMEN-I_IR_733	es	False
CARMEN-I_IR_734	es	False
CARMEN-I_IR_735	es	False
CARMEN-I_IA_PROCESO_ACTUAL_61	es	True
CARMEN-I_IR_736	bi	False
CARMEN-I_IT_PROCESO_ACTUAL_32	es	False
CARMEN-I_IR_737	es	False
CARMEN-I_IR_738	es	False
CARMEN-I_IT_EXPLORACION_CLINICA_26	es	False
CARMEN-I_IA_EXPLORACION_COMPLEMENTARIA_30	es	True
CARMEN-I_IA_ANTECEDENTES_85	es	False
CARMEN-I_IR_739	es	False
CARMEN-I_IR_740	bi	False
CARMEN-I_IR_741	bi	False
CARMEN-I_IT_ANTECEDENTES_31	es	False
CARMEN-I_IR_742	es	False
CARMEN-I_IR_743	es	False
CARMEN-I_IR_744	es	False
CARMEN-I_IR_745	es	False
CARMEN-I_IA_PROCESO_ACTUAL_62	es	False
CARMEN-I_IR_746	cat	False
CARMEN-I_IA_PROCESO_ACTUAL_63	es	False
CARMEN-I_IA_ANTECEDENTES_86	es	True
CARMEN-I_IR_747	es	False
CARMEN-I_IR_748	es	False
CARMEN-I_IR_749	es	False
CARMEN-I_IR_750	es	False
CARMEN-I_IA_EXPLORACION_CLINICA_19	es	True
CARMEN-I_IR_751	es	False
CARMEN-I_IR_752	es	False
CARMEN-I_IR_753	bi	False
CARMEN-I_IT_ANTECEDENTES_32	es	False
CARMEN-I_IR_754	es	False
CARMEN-I_IR_755	es	False
CARMEN-I_IR_756	es	False
CARMEN-I_IA_RADIOGRAFIA_25	es	True
CARMEN-I_IR_757	es	False
CARMEN-I_IA_EXPLORACION_COMPLEMENTARIA_31	es	True
CARMEN-I_IR_758	es	False
CARMEN-I_IR_759	es	False
CARMEN-I_IR_760	bi	False
CARMEN-I_IR_761	bi	False
CARMEN-I_IR_762	es	False
CARMEN-I_IR_763	es	False
CARMEN-I_IR_764	es	False
CARMEN-I_IR_765	es	False
CARMEN-I_IR_766	bi	False
CARMEN-I_IR_767	es	False
CARMEN-I_IR_768	es	False
CARMEN-I_IA_PROCESO_ACTUAL_64	es	True
CARMEN-I_IR_769	es	False
CARMEN-I_IA_SEGUIMIENTO_28	es	False
CARMEN-I_IR_770	es	False
CARMEN-I_IR_771	bi	False
CARMEN-I_IT_PROCESO_ACTUAL_33	es	False
CARMEN-I_IA_RADIOGRAFIA_26	es	True
CARMEN-I_IA_EXPLORACION_CLINICA_20	es	False
CARMEN-I_IR_772	es	False
CARMEN-I_IA_PROCESO_ACTUAL_65	cat	True
CARMEN-I_IR_773	es	False
CARMEN-I_IT_EVOL_4	es	True
CARMEN-I_IR_774	bi	False
CARMEN-I_IR_775	es	False
CARMEN-I_IA_EXPLORACION_COMPLEMENTARIA_32	es	True
CARMEN-I_IA_PLAN_TERAPEUTICO_17	es	True
CARMEN-I_IR_776	es	False
CARMEN-I_IR_777	bi	False
CARMEN-I_IA_ANTECEDENTES_87	es	False
CARMEN-I_IA_PROCESO_ACTUAL_66	es	True
CARMEN-I_IR_778	es	False
CARMEN-I_IT_EXPLORACION_COMPLEMENTARIA_1	es	False
CARMEN-I_IR_779	es	False
CARMEN-I_IA_EXPLORACION_CLINICA_21	es	True
CARMEN-I_IR_780	es	False
CARMEN-I_IA_EVOL_87	es	True
CARMEN-I_IR_781	bi	False
CARMEN-I_IR_782	es	False
CARMEN-I_IR_783	bi	False
CARMEN-I_IT_INTERVENCION_QUIRURGICA_10	es	False
CARMEN-I_IA_ANTECEDENTES_88	es	True
CARMEN-I_IA_ANTECEDENTES_89	es	True
CARMEN-I_IR_784	es	False
CARMEN-I_IR_785	es	False
CARMEN-I_IA_PROCESO_ACTUAL_67	es	False
CARMEN-I_IT_ANTECEDENTES_33	es	False
CARMEN-I_IA_EVOL_88	es	True
CARMEN-I_IA_PLAN_TERAPEUTICO_18	es	True
CARMEN-I_IR_786	bi	False
CARMEN-I_IR_787	es	False
CARMEN-I_IR_788	bi	False
CARMEN-I_IR_789	bi	False
CARMEN-I_IR_790	bi	False
CARMEN-I_IA_RADIOGRAFIA_27	es	True
CARMEN-I_IR_791	es	False
CARMEN-I_IR_792	es	False
CARMEN-I_IT_ANTECEDENTES_34	es	False
CARMEN-I_IT_ANTECEDENTES_35	cat	False
CARMEN-I_IR_793	es	False
CARMEN-I_IR_794	es	False
CARMEN-I_IA_ANTECEDENTES_90	es	True
CARMEN-I_IR_795	es	False
CARMEN-I_IA_SEGUIMIENTO_29	cat	False
CARMEN-I_IR_796	bi	False
CARMEN-I_IR_797	es	False
CARMEN-I_IR_798	bi	False
CARMEN-I_IR_799	cat	False
CARMEN-I_IR_800	es	False
CARMEN-I_IA_EVOL_89	es	True
CARMEN-I_IR_801	es	False
CARMEN-I_IR_802	es	False
CARMEN-I_IA_EVOL_90	es	True
CARMEN-I_IT_PLAN_TERAPEUTICO_3	es	False
CARMEN-I_IA_PROCESO_ACTUAL_68	es	True
CARMEN-I_IR_803	es	False
CARMEN-I_IR_804	bi	False
CARMEN-I_IR_805	es	False
CARMEN-I_IA_PROCESO_ACTUAL_69	es	False
CARMEN-I_IA_EVOL_91	es	True
CARMEN-I_IR_806	es	False
CARMEN-I_IR_807	es	False
CARMEN-I_IR_808	es	False
CARMEN-I_IT_EXPLORACION_COMPLEMENTARIA_2	es	False
CARMEN-I_IA_PROCESO_ACTUAL_70	es	False
CARMEN-I_IR_809	es	False
CARMEN-I_IR_810	es	False
CARMEN-I_IR_811	es	False
CARMEN-I_IR_812	es	False
CARMEN-I_IR_813	es	False
CARMEN-I_IR_814	es	False
CARMEN-I_IA_EXPLORACION_CLINICA_22	es	True
CARMEN-I_IA_EVOL_92	es	True
CARMEN-I_IR_815	es	False
CARMEN-I_IA_EVOL_93	es	True
CARMEN-I_IA_EXPLORACION_COMPLEMENTARIA_33	es	True
CARMEN-I_IT_ANTECEDENTES_36	es	False
CARMEN-I_IR_816	es	False
CARMEN-I_IR_817	es	False
CARMEN-I_IR_818	es	False
CARMEN-I_IR_819	es	False
CARMEN-I_IA_ANTECEDENTES_91	es	True
CARMEN-I_IR_820	es	False
CARMEN-I_IR_821	bi	False
CARMEN-I_IR_822	bi	False
CARMEN-I_IR_823	es	False
CARMEN-I_IR_824	es	False
CARMEN-I_IA_EVOL_94	es	True
CARMEN-I_IR_825	es	False
CARMEN-I_IR_826	es	False
CARMEN-I_IA_ANTECEDENTES_92	es	True
CARMEN-I_IA_ANTECEDENTES_93	es	False
CARMEN-I_IR_827	es	False
CARMEN-I_IR_828	es	False
CARMEN-I_IT_ANTECEDENTES_37	es	False
CARMEN-I_IA_PROCESO_ACTUAL_71	es	False
CARMEN-I_IT_PROCESO_ACTUAL_34	es	False
CARMEN-I_IA_EVOL_95	es	True
CARMEN-I_IA_ANTECEDENTES_94	es	False
CARMEN-I_IR_829	bi	False
CARMEN-I_IA_PROCESO_ACTUAL_72	es	True
CARMEN-I_IA_EXPLORACION_COMPLEMENTARIA_34	bi	True
CARMEN-I_IT_EXPLORACION_CLINICA_27	es	False
CARMEN-I_IR_830	es	False
CARMEN-I_IA_EVOL_96	es	True
CARMEN-I_IA_EXPLORACION_COMPLEMENTARIA_35	cat	True
CARMEN-I_IR_831	es	False
CARMEN-I_IA_EVOL_97	es	True
CARMEN-I_IR_832	es	False
CARMEN-I_IR_833	es	False
CARMEN-I_IR_834	es	False
CARMEN-I_IA_RADIOGRAFIA_28	es	True
CARMEN-I_IT_PROCESO_ACTUAL_35	es	False
CARMEN-I_IA_EXPLORACION_CLINICA_23	es	True
CARMEN-I_IA_EXPLORACION_COMPLEMENTARIA_36	es	True
CARMEN-I_IR_835	es	False
CARMEN-I_IR_836	es	False
CARMEN-I_IT_PROCESO_ACTUAL_36	es	False
CARMEN-I_IA_PROCESO_ACTUAL_73	es	True
CARMEN-I_IR_837	es	False
CARMEN-I_IR_838	es	False
CARMEN-I_IA_PROCESO_ACTUAL_74	es	False
CARMEN-I_IR_839	es	False
CARMEN-I_IA_RADIOGRAFIA_29	es	True
CARMEN-I_IA_EXPLORACION_COMPLEMENTARIA_37	es	True
CARMEN-I_CC_5	es	True
CARMEN-I_IR_840	es	False
CARMEN-I_IA_ANTECEDENTES_95	es	True
CARMEN-I_IA_SEGUIMIENTO_30	es	True
CARMEN-I_IA_RADIOGRAFIA_30	es	True
CARMEN-I_IA_EVOL_98	bi	True
CARMEN-I_IA_EVOL_99	es	True
CARMEN-I_IA_EVOL_100	es	True
CARMEN-I_IR_841	es	False
CARMEN-I_IA_PLAN_TERAPEUTICO_19	es	True
CARMEN-I_IR_842	bi	False
CARMEN-I_IR_843	bi	False
CARMEN-I_IA_SEGUIMIENTO_31	es	False
CARMEN-I_IR_844	es	False
CARMEN-I_IA_EVOL_101	es	False
CARMEN-I_IR_845	es	False
CARMEN-I_IR_846	es	False
CARMEN-I_IA_EVOL_102	es	False
CARMEN-I_IA_SEGUIMIENTO_32	es	False
CARMEN-I_IT_INTERVENCION_QUIRURGICA_11	es	False
CARMEN-I_IR_847	es	False
CARMEN-I_IR_848	es	False
CARMEN-I_IR_849	es	False
CARMEN-I_IA_SEGUIMIENTO_33	cat	False
CARMEN-I_IT_PROCESO_ACTUAL_37	es	False
CARMEN-I_IA_EXPLORACION_CLINICA_24	es	True
CARMEN-I_IR_850	es	False
CARMEN-I_IR_851	bi	False
CARMEN-I_IA_ANTECEDENTES_96	es	True
CARMEN-I_IR_852	bi	False
CARMEN-I_IT_EXPLORACION_CLINICA_28	es	False
CARMEN-I_IR_853	es	False
CARMEN-I_IA_EVOL_103	es	True
CARMEN-I_IR_854	bi	False
CARMEN-I_IR_855	es	False
CARMEN-I_IA_PROCESO_ACTUAL_75	es	False
CARMEN-I_IT_PROCESO_ACTUAL_38	es	False
CARMEN-I_IA_PROCESO_ACTUAL_76	es	True
CARMEN-I_IR_856	cat	False
CARMEN-I_IA_ANTECEDENTES_97	es	True
CARMEN-I_IT_PROCESO_ACTUAL_39	cat	False
CARMEN-I_IR_857	bi	False
CARMEN-I_IR_858	es	False
CARMEN-I_IR_859	es	False
CARMEN-I_IR_860	es	False
CARMEN-I_IA_PROCESO_ACTUAL_77	es	False
CARMEN-I_IR_861	es	False
CARMEN-I_IA_PROCESO_ACTUAL_78	es	True
CARMEN-I_IR_862	es	False
CARMEN-I_IT_EXPLORACION_CLINICA_29	es	False
CARMEN-I_IR_863	cat	False
CARMEN-I_IR_864	es	False
CARMEN-I_IR_865	es	False
CARMEN-I_IT_PROCESO_ACTUAL_40	cat	False
CARMEN-I_IR_866	es	False
CARMEN-I_IR_867	es	False
CARMEN-I_IA_ANTECEDENTES_98	es	True
CARMEN-I_IT_EXPLORACION_CLINICA_30	es	False
CARMEN-I_IA_PLAN_TERAPEUTICO_20	es	True
CARMEN-I_IR_868	es	False
CARMEN-I_IA_PROCESO_ACTUAL_79	es	True
CARMEN-I_IA_ANTECEDENTES_99	es	True
CARMEN-I_IR_869	bi	False
CARMEN-I_IR_870	cat	False
CARMEN-I_IR_871	bi	False
CARMEN-I_IA_EXPLORACION_COMPLEMENTARIA_38	es	True
CARMEN-I_IA_EVOL_104	es	True
CARMEN-I_IR_872	es	False
CARMEN-I_IR_873	es	False
CARMEN-I_IR_874	es	False
CARMEN-I_IT_EXPLORACION_CLINICA_31	es	False
CARMEN-I_IA_EVOL_105	es	True
CARMEN-I_IR_875	es	False
CARMEN-I_IR_876	es	False
CARMEN-I_IR_877	bi	False
CARMEN-I_IR_878	es	False
CARMEN-I_IA_EVOL_106	es	True
CARMEN-I_IR_879	bi	False
CARMEN-I_IR_880	bi	False
CARMEN-I_IA_EXPLORACION_COMPLEMENTARIA_39	es	True
CARMEN-I_IA_EXPLORACION_COMPLEMENTARIA_40	es	True
CARMEN-I_IR_881	bi	False
CARMEN-I_IR_882	es	False
CARMEN-I_IR_883	es	False
CARMEN-I_IR_884	es	False
CARMEN-I_IR_885	es	False
CARMEN-I_IR_886	bi	False
CARMEN-I_IA_PLAN_TERAPEUTICO_21	es	True
CARMEN-I_IA_EXPLORACION_COMPLEMENTARIA_41	bi	True
CARMEN-I_IT_ANTECEDENTES_38	es	False
CARMEN-I_IR_887	es	False
CARMEN-I_IR_888	es	False
CARMEN-I_IT_ANTECEDENTES_39	es	False
CARMEN-I_IA_EVOL_107	es	True
CARMEN-I_IR_889	bi	False
CARMEN-I_IA_SEGUIMIENTO_34	es	True
CARMEN-I_IR_890	es	False
CARMEN-I_IR_891	es	False
CARMEN-I_IA_EXPLORACION_COMPLEMENTARIA_42	es	True
CARMEN-I_IA_EVOL_108	es	True
CARMEN-I_IR_892	es	False
CARMEN-I_IA_INTERVENCION_QUIRURGICA_11	es	True
CARMEN-I_IR_893	es	False
CARMEN-I_IA_ANTECEDENTES_100	es	False
CARMEN-I_IA_EVOL_109	es	True
CARMEN-I_IR_894	es	False
CARMEN-I_IA_PROCESO_ACTUAL_80	es	True
CARMEN-I_IR_895	es	False
CARMEN-I_IA_ANTECEDENTES_101	es	True
CARMEN-I_IR_896	bi	False
CARMEN-I_IR_897	bi	False
CARMEN-I_IR_898	es	False
CARMEN-I_IA_EVOL_110	es	False
CARMEN-I_IR_899	es	False
CARMEN-I_IA_PROCESO_ACTUAL_81	es	True
CARMEN-I_IR_900	bi	False
CARMEN-I_IT_PROCESO_ACTUAL_41	es	True
CARMEN-I_IR_901	es	False
CARMEN-I_IR_902	es	False
CARMEN-I_IR_903	es	False
CARMEN-I_IR_904	es	False
CARMEN-I_IA_PROCESO_ACTUAL_82	es	False
CARMEN-I_IT_PROCESO_ACTUAL_42	es	False
CARMEN-I_IA_EVOL_111	es	True
CARMEN-I_IA_ANTECEDENTES_102	es	True
CARMEN-I_IR_905	es	False
CARMEN-I_IR_906	es	False
CARMEN-I_IT_EXPLORACION_COMPLEMENTARIA_3	es	False
CARMEN-I_IR_907	es	False
CARMEN-I_IR_908	es	False
CARMEN-I_IR_909	es	False
CARMEN-I_IR_910	es	False
CARMEN-I_IT_PROCESO_ACTUAL_43	es	False
CARMEN-I_IT_EXPLORACION_CLINICA_32	es	False
CARMEN-I_IT_EXPLORACION_COMPLEMENTARIA_4	es	False
CARMEN-I_IA_EVOL_112	es	False
CARMEN-I_IR_911	es	False
CARMEN-I_IR_912	es	False
CARMEN-I_IA_EVOL_113	es	True
CARMEN-I_IR_913	es	False
CARMEN-I_IA_ANTECEDENTES_103	es	False
CARMEN-I_IA_RADIOGRAFIA_31	es	True
CARMEN-I_IA_EXPLORACION_COMPLEMENTARIA_43	es	True
CARMEN-I_IT_ANTECEDENTES_40	es	False
CARMEN-I_IR_914	es	False
CARMEN-I_IR_915	es	False
CARMEN-I_IR_916	es	False
CARMEN-I_IA_EVOL_114	es	True
CARMEN-I_IR_917	es	False
CARMEN-I_IA_ANTECEDENTES_104	es	True
CARMEN-I_IR_918	es	False
CARMEN-I_IR_919	bi	False
CARMEN-I_IA_PROCESO_ACTUAL_83	es	False
CARMEN-I_IR_920	bi	False
CARMEN-I_IA_PROCESO_ACTUAL_84	es	True
CARMEN-I_IR_921	bi	False
CARMEN-I_IR_922	cat	False
CARMEN-I_IR_923	es	False
CARMEN-I_IA_PROCESO_ACTUAL_85	es	False
CARMEN-I_IA_ANTECEDENTES_105	es	True
CARMEN-I_IA_ANTECEDENTES_106	es	False
CARMEN-I_IR_924	es	False
CARMEN-I_IR_925	es	False
CARMEN-I_IA_EVOL_115	es	False
CARMEN-I_IA_EVOL_116	es	True
CARMEN-I_IR_926	es	False
CARMEN-I_IA_EXPLORACION_COMPLEMENTARIA_44	bi	True
CARMEN-I_IR_927	es	False
CARMEN-I_IR_928	bi	False
CARMEN-I_IT_PROCESO_ACTUAL_44	es	False
CARMEN-I_IA_PROCESO_ACTUAL_86	cat	False
CARMEN-I_IR_929	es	False
CARMEN-I_IR_930	es	False
CARMEN-I_IR_931	bi	False
CARMEN-I_IR_932	es	False
CARMEN-I_IR_933	es	False
CARMEN-I_IT_EXPLORACION_CLINICA_33	es	False
CARMEN-I_IT_ANTECEDENTES_41	bi	False
CARMEN-I_IR_934	es	False
CARMEN-I_IT_PROCESO_ACTUAL_45	es	False
CARMEN-I_IA_RADIOGRAFIA_32	es	True
CARMEN-I_IR_935	es	False
CARMEN-I_IA_EXPLORACION_COMPLEMENTARIA_45	es	True
CARMEN-I_IA_EVOL_117	es	True
CARMEN-I_IR_936	es	False
CARMEN-I_IR_937	es	False
CARMEN-I_IR_938	es	False
CARMEN-I_IT_ANTECEDENTES_42	es	False
CARMEN-I_IA_PROCESO_ACTUAL_87	es	True
CARMEN-I_IA_PROCESO_ACTUAL_88	es	False
CARMEN-I_IA_EXPLORACION_CLINICA_25	es	True
CARMEN-I_IA_EVOL_118	es	True
CARMEN-I_IR_939	cat	False
CARMEN-I_IR_940	es	False
CARMEN-I_IA_PROCESO_ACTUAL_89	cat	True
CARMEN-I_IR_941	es	False
CARMEN-I_IR_942	es	False
CARMEN-I_IR_943	es	False
CARMEN-I_IR_944	es	False
CARMEN-I_IR_945	es	False
CARMEN-I_IR_946	es	False
CARMEN-I_IA_SEGUIMIENTO_35	es	False
CARMEN-I_IR_947	es	False
CARMEN-I_IA_EVOL_119	es	True
CARMEN-I_IR_948	es	False
CARMEN-I_IR_949	es	False
CARMEN-I_IR_950	es	False
CARMEN-I_IR_951	es	False
CARMEN-I_IT_PROCESO_ACTUAL_46	es	False
CARMEN-I_IR_952	es	False
CARMEN-I_IA_ANTECEDENTES_107	es	True
CARMEN-I_IA_EVOL_120	es	True
CARMEN-I_IA_RADIOGRAFIA_33	es	True
CARMEN-I_IR_953	es	False
CARMEN-I_IR_954	es	False
CARMEN-I_IR_955	es	False
CARMEN-I_IR_956	es	False
CARMEN-I_IR_957	es	False
CARMEN-I_IR_958	bi	False
CARMEN-I_IR_959	es	False
CARMEN-I_IA_ANTECEDENTES_108	es	True
CARMEN-I_IR_960	es	False
CARMEN-I_IA_SEGUIMIENTO_36	es	False
CARMEN-I_IR_961	bi	False
CARMEN-I_IR_962	bi	False
CARMEN-I_IR_963	es	False
CARMEN-I_IT_PROCESO_ACTUAL_47	es	False
CARMEN-I_IT_ANTECEDENTES_43	es	False
CARMEN-I_IR_964	bi	False
CARMEN-I_IA_INTERVENCION_QUIRURGICA_12	es	True
CARMEN-I_IR_965	es	False
CARMEN-I_IR_966	es	False
CARMEN-I_IA_ANTECEDENTES_109	bi	True
CARMEN-I_IR_967	es	False
CARMEN-I_IR_968	bi	False
CARMEN-I_IA_EVOL_121	es	True
CARMEN-I_IR_969	es	False
CARMEN-I_IR_970	es	False
CARMEN-I_IA_PROCESO_ACTUAL_90	es	True
CARMEN-I_IT_EXPLORACION_CLINICA_34	es	False
CARMEN-I_IA_EXPLORACION_CLINICA_26	es	True
CARMEN-I_IA_PLAN_TERAPEUTICO_22	es	False
CARMEN-I_IR_971	es	False
CARMEN-I_IR_972	es	False
CARMEN-I_IR_973	es	False
CARMEN-I_IR_974	es	False
CARMEN-I_IA_EXPLORACION_COMPLEMENTARIA_46	cat	True
CARMEN-I_IR_975	bi	False
CARMEN-I_IA_ANTECEDENTES_110	es	True
CARMEN-I_IR_976	bi	False
CARMEN-I_IA_ANTECEDENTES_111	es	True
CARMEN-I_IR_977	es	False
CARMEN-I_IA_EXPLORACION_COMPLEMENTARIA_47	es	True
CARMEN-I_IA_EVOL_122	es	True
CARMEN-I_IA_ANTECEDENTES_112	es	False
CARMEN-I_IR_978	bi	False
CARMEN-I_IR_979	es	True
CARMEN-I_IR_980	bi	False
CARMEN-I_IR_981	es	False
CARMEN-I_IA_PROCESO_ACTUAL_91	es	False
CARMEN-I_IR_982	es	False
CARMEN-I_IA_EXPLORACION_CLINICA_27	es	True
CARMEN-I_IR_983	es	False
CARMEN-I_IR_984	es	False
CARMEN-I_IA_PLAN_TERAPEUTICO_23	es	True
CARMEN-I_IT_SEGUIMIENTO_1	es	False
CARMEN-I_IR_985	es	False
CARMEN-I_IR_986	es	False
CARMEN-I_IA_PLAN_TERAPEUTICO_24	es	True
CARMEN-I_IA_ANTECEDENTES_113	es	False
CARMEN-I_IA_ANTECEDENTES_114	es	False
CARMEN-I_IA_EVOL_123	es	True
CARMEN-I_IR_987	es	False
CARMEN-I_IR_988	es	False
CARMEN-I_IR_989	es	False
CARMEN-I_IR_990	bi	False
CARMEN-I_IA_PROCESO_ACTUAL_92	es	True
CARMEN-I_IR_991	es	False
CARMEN-I_IR_992	es	False
CARMEN-I_IR_993	es	False
CARMEN-I_IR_994	bi	False
CARMEN-I_IR_995	bi	False
CARMEN-I_IR_996	bi	False
CARMEN-I_IT_EVOL_5	es	True
CARMEN-I_IR_997	bi	False
CARMEN-I_IR_998	bi	False
CARMEN-I_IR_999	es	False
CARMEN-I_IA_EVOL_124	es	True
CARMEN-I_IT_ANTECEDENTES_44	bi	False
CARMEN-I_IR_1000	es	False
CARMEN-I_IA_ANTECEDENTES_115	bi	True
CARMEN-I_IA_EVOL_125	es	True
CARMEN-I_IR_1001	es	False
CARMEN-I_IA_PROCESO_ACTUAL_93	es	False
CARMEN-I_IA_EVOL_126	es	True
CARMEN-I_IR_1002	es	False
CARMEN-I_IA_EXPLORACION_COMPLEMENTARIA_48	bi	True
CARMEN-I_IA_PLAN_TERAPEUTICO_25	es	True
CARMEN-I_IR_1003	es	False
CARMEN-I_IA_PROCESO_ACTUAL_94	es	False
CARMEN-I_IR_1004	es	False
CARMEN-I_IR_1005	es	False
CARMEN-I_IR_1006	es	False
CARMEN-I_IA_PLAN_TERAPEUTICO_26	es	True
CARMEN-I_IR_1007	es	False
CARMEN-I_IR_1008	es	False
CARMEN-I_IA_PROCESO_ACTUAL_95	es	False
CARMEN-I_IR_1009	es	False
CARMEN-I_IA_ANTECEDENTES_116	es	False
CARMEN-I_IR_1010	bi	False
CARMEN-I_IA_EVOL_127	es	True
CARMEN-I_IR_1011	bi	False
CARMEN-I_IR_1012	es	False
CARMEN-I_IR_1013	es	False
CARMEN-I_IR_1014	es	False
CARMEN-I_IR_1015	es	False
CARMEN-I_IR_1016	es	False
CARMEN-I_IR_1017	cat	False
CARMEN-I_IR_1018	es	False
CARMEN-I_IR_1019	bi	False
CARMEN-I_IR_1020	es	False
CARMEN-I_IA_ANTECEDENTES_117	es	False
CARMEN-I_IA_EVOL_128	es	True
CARMEN-I_IA_EVOL_129	es	True
CARMEN-I_IA_PROCESO_ACTUAL_96	es	True
CARMEN-I_IA_EVOL_130	es	True
CARMEN-I_IR_1021	es	False
CARMEN-I_IA_PROCESO_ACTUAL_97	es	True
CARMEN-I_IR_1022	es	False
CARMEN-I_IA_EXPLORACION_COMPLEMENTARIA_49	bi	True
CARMEN-I_IT_EXPLORACION_COMPLEMENTARIA_5	es	False
CARMEN-I_IA_PROCESO_ACTUAL_98	es	True
CARMEN-I_IA_PLAN_TERAPEUTICO_27	es	True
CARMEN-I_IR_1023	bi	False
CARMEN-I_IR_1024	es	False
CARMEN-I_IR_1025	es	False
CARMEN-I_IA_RADIOGRAFIA_34	es	False
CARMEN-I_IT_EXPLORACION_CLINICA_35	es	False
CARMEN-I_IA_ANTECEDENTES_118	es	True
CARMEN-I_IR_1026	es	False
CARMEN-I_IR_1027	es	False
CARMEN-I_IR_1028	es	False
CARMEN-I_IA_ANTECEDENTES_119	es	True
CARMEN-I_IR_1029	es	False
CARMEN-I_IR_1030	bi	False
CARMEN-I_IR_1031	es	False
CARMEN-I_IA_ANTECEDENTES_120	es	True
CARMEN-I_IR_1032	es	False
CARMEN-I_IA_ANTECEDENTES_121	es	False
CARMEN-I_IR_1033	es	False
CARMEN-I_IA_EXPLORACION_CLINICA_28	es	True
CARMEN-I_IR_1034	es	False
CARMEN-I_IR_1035	es	False
CARMEN-I_IA_EVOL_131	es	True
CARMEN-I_IA_EVOL_132	es	True
CARMEN-I_IA_PROCESO_ACTUAL_99	es	True
CARMEN-I_IR_1036	es	False
CARMEN-I_IA_ANTECEDENTES_122	es	True
CARMEN-I_IR_1037	es	False
CARMEN-I_IR_1038	es	False
CARMEN-I_IR_1039	bi	False
CARMEN-I_IA_PROCESO_ACTUAL_100	es	True
CARMEN-I_IA_EVOL_133	es	True
CARMEN-I_IR_1040	es	False
CARMEN-I_IR_1041	es	False
CARMEN-I_IR_1042	es	False
CARMEN-I_IA_ANTECEDENTES_123	es	True
CARMEN-I_IT_ANTECEDENTES_45	es	False
CARMEN-I_IA_EVOL_134	es	True
CARMEN-I_IR_1043	es	False
CARMEN-I_IR_1044	es	False
CARMEN-I_IR_1045	es	False
CARMEN-I_IR_1046	es	False
CARMEN-I_IT_PROCESO_ACTUAL_48	es	True
CARMEN-I_IT_EXPLORACION_CLINICA_36	es	False
CARMEN-I_IR_1047	es	False
CARMEN-I_IA_ANTECEDENTES_124	es	True
CARMEN-I_IR_1048	es	False
CARMEN-I_IR_1049	es	False
CARMEN-I_IR_1050	es	False
CARMEN-I_IR_1051	es	False
CARMEN-I_IA_EVOL_135	es	True
CARMEN-I_IR_1052	es	False
CARMEN-I_IR_1053	es	False
CARMEN-I_IR_1054	es	False
CARMEN-I_IR_1055	es	False
CARMEN-I_IR_1056	es	False
CARMEN-I_IR_1057	es	False
CARMEN-I_IA_PROCESO_ACTUAL_101	es	True
CARMEN-I_IT_EXPLORACION_COMPLEMENTARIA_6	es	False
CARMEN-I_IR_1058	es	False
CARMEN-I_IR_1059	es	False
CARMEN-I_IA_EXPLORACION_CLINICA_29	es	True
CARMEN-I_IA_INTERVENCION_QUIRURGICA_13	es	False
CARMEN-I_IR_1060	es	False
CARMEN-I_IR_1061	es	False
CARMEN-I_IR_1062	es	False
CARMEN-I_IA_PROCESO_ACTUAL_102	es	True
CARMEN-I_IR_1063	es	False
CARMEN-I_IA_ANTECEDENTES_125	es	True
CARMEN-I_IR_1064	bi	False
CARMEN-I_IR_1065	es	False
CARMEN-I_IR_1066	bi	False
CARMEN-I_IR_1067	es	False
CARMEN-I_IA_RADIOGRAFIA_35	es	True
CARMEN-I_IR_1068	es	False
CARMEN-I_IE_5	es	True
CARMEN-I_IR_1069	es	False
CARMEN-I_IR_1070	es	False
CARMEN-I_IR_1071	es	False
CARMEN-I_IA_RADIOGRAFIA_36	es	True
CARMEN-I_IR_1072	es	False
CARMEN-I_IR_1073	es	False
CARMEN-I_IA_PROCESO_ACTUAL_103	es	True
CARMEN-I_IR_1074	es	False
CARMEN-I_IR_1075	es	False
CARMEN-I_IR_1076	es	False
CARMEN-I_IA_ANTECEDENTES_126	es	True
CARMEN-I_IR_1077	es	False
CARMEN-I_IR_1078	es	False
CARMEN-I_IR_1079	es	False
CARMEN-I_IR_1080	es	False
CARMEN-I_IR_1081	es	False
CARMEN-I_IA_SEGUIMIENTO_37	es	False
CARMEN-I_IR_1082	es	False
CARMEN-I_IR_1083	es	False
CARMEN-I_IR_1084	es	False
CARMEN-I_IR_1085	es	False
CARMEN-I_IR_1086	es	False
CARMEN-I_IR_1087	bi	False
CARMEN-I_IT_PROCESO_ACTUAL_49	es	False
CARMEN-I_IT_PROCESO_ACTUAL_50	es	False
CARMEN-I_IR_1088	es	False
CARMEN-I_IA_PROCESO_ACTUAL_104	es	True
CARMEN-I_IR_1089	es	False
CARMEN-I_IR_1090	es	False
CARMEN-I_IA_SEGUIMIENTO_38	es	True
CARMEN-I_IR_1091	es	False
CARMEN-I_IR_1092	es	False
CARMEN-I_IA_ANTECEDENTES_127	es	True
CARMEN-I_IA_PROCESO_ACTUAL_105	es	True
CARMEN-I_IR_1093	es	False
CARMEN-I_IR_1094	es	False
CARMEN-I_IR_1095	es	False
CARMEN-I_IA_PROCESO_ACTUAL_106	es	True
CARMEN-I_IA_ANTECEDENTES_128	es	False
CARMEN-I_IR_1096	es	False
CARMEN-I_IR_1097	es	False
CARMEN-I_IR_1098	bi	False
CARMEN-I_IR_1099	es	False
CARMEN-I_IR_1100	es	False
CARMEN-I_IA_PROCESO_ACTUAL_107	es	True
CARMEN-I_IR_1101	es	False
CARMEN-I_IR_1102	es	False
CARMEN-I_IR_1103	es	False
CARMEN-I_IA_PROCESO_ACTUAL_108	es	True
CARMEN-I_IR_1104	es	False
CARMEN-I_IA_EVOL_136	es	False
CARMEN-I_IR_1105	es	False
CARMEN-I_IA_EVOL_137	es	False
CARMEN-I_IA_EVOL_138	es	True
CARMEN-I_IR_1106	es	False
CARMEN-I_IR_1107	es	False
CARMEN-I_IA_EXPLORACION_COMPLEMENTARIA_50	bi	True
CARMEN-I_IA_PROCESO_ACTUAL_109	es	True
CARMEN-I_IR_1108	es	False
CARMEN-I_IR_1109	bi	False
CARMEN-I_IA_ANTECEDENTES_129	es	True
CARMEN-I_IR_1110	es	False
CARMEN-I_IA_ANTECEDENTES_130	es	True
CARMEN-I_IR_1111	cat	False
CARMEN-I_IR_1112	es	False
CARMEN-I_IR_1113	bi	False
CARMEN-I_IT_ANTECEDENTES_46	es	True
CARMEN-I_IR_1114	es	False
CARMEN-I_IA_EVOL_139	es	True
CARMEN-I_IR_1115	es	False
CARMEN-I_IA_EVOL_140	es	True
CARMEN-I_IR_1116	es	False
CARMEN-I_IR_1117	es	False
CARMEN-I_IT_EXPLORACION_COMPLEMENTARIA_7	bi	False
CARMEN-I_IR_1118	es	False
CARMEN-I_IT_PROCESO_ACTUAL_51	es	False
CARMEN-I_IT_INTERVENCION_QUIRURGICA_12	es	False
CARMEN-I_IR_1119	es	False
CARMEN-I_IR_1120	es	False
CARMEN-I_IA_RADIOGRAFIA_37	es	True
CARMEN-I_IR_1121	es	False
CARMEN-I_IR_1122	es	False
CARMEN-I_IA_ANTECEDENTES_131	bi	True
CARMEN-I_IR_1123	es	False
CARMEN-I_IA_ANTECEDENTES_132	es	True
CARMEN-I_IA_ANTECEDENTES_133	es	True
CARMEN-I_IR_1124	es	False
CARMEN-I_IA_PROCESO_ACTUAL_110	es	False
CARMEN-I_IR_1125	bi	False
CARMEN-I_IR_1126	bi	False
CARMEN-I_IR_1127	es	False
CARMEN-I_IR_1128	es	False
CARMEN-I_IA_SEGUIMIENTO_39	es	True
CARMEN-I_IR_1129	es	False
CARMEN-I_IR_1130	bi	False
CARMEN-I_IR_1131	es	False
CARMEN-I_IR_1132	cat	False
CARMEN-I_IR_1133	es	False
CARMEN-I_IR_1134	es	False
CARMEN-I_IR_1135	es	False
CARMEN-I_IR_1136	bi	False
CARMEN-I_IA_PROCESO_ACTUAL_111	es	True
CARMEN-I_IR_1137	es	False
CARMEN-I_IA_ANTECEDENTES_134	es	True
CARMEN-I_IA_EVOL_141	es	True
CARMEN-I_IR_1138	es	False
CARMEN-I_IA_SEGUIMIENTO_40	es	True
CARMEN-I_IT_PLAN_TERAPEUTICO_4	es	False
CARMEN-I_IR_1139	es	False
CARMEN-I_IT_PROCESO_ACTUAL_52	es	False
CARMEN-I_IR_1140	es	False
CARMEN-I_IA_PROCESO_ACTUAL_112	es	True
CARMEN-I_IA_PROCESO_ACTUAL_113	es	True
CARMEN-I_IR_1141	es	False
CARMEN-I_IA_EXPLORACION_COMPLEMENTARIA_51	cat	True
CARMEN-I_IR_1142	bi	False
CARMEN-I_IA_EVOL_142	es	True
CARMEN-I_IR_1143	bi	False
CARMEN-I_IA_ANTECEDENTES_135	es	True
CARMEN-I_IR_1144	es	False
CARMEN-I_IR_1145	es	False
CARMEN-I_IA_PROCESO_ACTUAL_114	es	True
CARMEN-I_IA_EVOL_143	es	True
CARMEN-I_IA_EVOL_144	es	True
CARMEN-I_IA_RADIOGRAFIA_38	es	True
CARMEN-I_IA_EXPLORACION_CLINICA_30	es	True
CARMEN-I_IR_1146	es	False
CARMEN-I_IR_1147	es	False
CARMEN-I_IR_1148	es	False
CARMEN-I_IT_ANTECEDENTES_47	es	False
CARMEN-I_IR_1149	es	False
CARMEN-I_IA_EXPLORACION_COMPLEMENTARIA_52	es	False
CARMEN-I_IR_1150	bi	False
CARMEN-I_IR_1151	es	False
CARMEN-I_IR_1152	es	False
CARMEN-I_IR_1153	es	False
CARMEN-I_IA_PROCESO_ACTUAL_115	es	True
CARMEN-I_IR_1154	es	False
CARMEN-I_IA_EVOL_145	es	True
CARMEN-I_IR_1155	es	False
CARMEN-I_IA_PROCESO_ACTUAL_116	es	True
CARMEN-I_IA_EVOL_146	es	True
CARMEN-I_IA_EXPLORACION_CLINICA_31	es	True
CARMEN-I_IR_1156	es	False
CARMEN-I_IR_1157	es	False
CARMEN-I_IR_1158	es	False
CARMEN-I_IR_1159	es	False
CARMEN-I_IR_1160	es	False
CARMEN-I_IR_1161	bi	False
CARMEN-I_IR_1162	es	False
CARMEN-I_IT_EXPLORACION_CLINICA_37	es	False
CARMEN-I_IR_1163	es	False
CARMEN-I_IR_1164	es	False
CARMEN-I_IT_EXPLORACION_CLINICA_38	es	False
CARMEN-I_IR_1165	bi	False
CARMEN-I_IR_1166	es	False
CARMEN-I_IR_1167	es	False
CARMEN-I_IA_EVOL_147	es	True
CARMEN-I_IA_PROCESO_ACTUAL_117	es	True
CARMEN-I_IR_1168	bi	False
CARMEN-I_IR_1169	es	False
CARMEN-I_IR_1170	es	False
CARMEN-I_IR_1171	es	False
CARMEN-I_IR_1172	es	False
CARMEN-I_IR_1173	es	False
CARMEN-I_IR_1174	es	False
CARMEN-I_IA_ANTECEDENTES_136	es	True
CARMEN-I_IT_EXPLORACION_CLINICA_39	es	False
CARMEN-I_IR_1175	bi	False
CARMEN-I_IR_1176	es	False
CARMEN-I_IT_EXPLORACION_CLINICA_40	es	False
CARMEN-I_IR_1177	bi	False
CARMEN-I_IR_1178	es	False
CARMEN-I_IR_1179	bi	False
CARMEN-I_IA_PROCESO_ACTUAL_118	es	False
CARMEN-I_IT_PROCESO_ACTUAL_53	es	False
CARMEN-I_IA_PROCESO_ACTUAL_119	es	False
CARMEN-I_IR_1180	es	False
CARMEN-I_IR_1181	es	False
CARMEN-I_IA_EVOL_148	es	False
CARMEN-I_IT_EXPLORACION_CLINICA_41	es	False
CARMEN-I_IA_RADIOGRAFIA_39	es	True
CARMEN-I_IR_1182	es	False
CARMEN-I_IR_1183	es	False
CARMEN-I_IR_1184	es	False
CARMEN-I_IR_1185	es	False
CARMEN-I_IA_PROCESO_ACTUAL_120	es	False
CARMEN-I_IA_ANTECEDENTES_137	es	False
CARMEN-I_IA_RADIOGRAFIA_40	es	True
CARMEN-I_IR_1186	bi	False
CARMEN-I_IA_PROCESO_ACTUAL_121	es	True
CARMEN-I_IA_ANTECEDENTES_138	es	False
CARMEN-I_IR_1187	es	False
CARMEN-I_IR_1188	es	False
CARMEN-I_IA_EVOL_149	es	True
CARMEN-I_IR_1189	es	False
CARMEN-I_IR_1190	es	False
CARMEN-I_IR_1191	es	False
CARMEN-I_IR_1192	es	False
CARMEN-I_IR_1193	bi	False
CARMEN-I_IT_ANTECEDENTES_48	es	False
CARMEN-I_IA_EXPLORACION_COMPLEMENTARIA_53	es	True
CARMEN-I_IR_1194	es	False
CARMEN-I_IA_ANTECEDENTES_139	es	True
CARMEN-I_IA_EXPLORACION_COMPLEMENTARIA_54	bi	True
CARMEN-I_IA_PROCESO_ACTUAL_122	es	False
CARMEN-I_IR_1195	es	False
CARMEN-I_IR_1196	bi	False
CARMEN-I_IA_ANTECEDENTES_140	es	True
CARMEN-I_IR_1197	es	False
CARMEN-I_IR_1198	es	False
CARMEN-I_IR_1199	es	False
CARMEN-I_IR_1200	es	False
CARMEN-I_IA_ANTECEDENTES_141	es	False
CARMEN-I_IT_PROCESO_ACTUAL_54	es	False
CARMEN-I_IR_1201	es	False
